Title,Author,ISBN#,ISBN13,Date Started,Date Finished,Read?,Favorite?,
The Book Thief,Markus Zusak,,,,08/04/18,YES,NO,
Black Flags,Joby Warrick,,,,09/24/18,YES,NO,
The Hitchhiker's Guide to the Galaxy,Douglas Adams,,,,10/15/18,YES,NO,
How to Bomb the U.S. Gov't,Sam Hyde,,,,01/13/19,YES,YES,
The Defining Decade,Meg Jay,,,,01/22/19,YES,NO,
The Power of Habit,Charles Duhigg,,,,02/06/19,YES,NO,
Improve Your Conversations:,Patrick King,,,,02/08/19,YES,NO,
Free Prize Inside!,Seth Godin,,,,03/11/19,YES,YES,
Purple Cow,Seth Godin,,,,03/11/19,YES,NO,
A Game of Thrones,George R.R. Martin,,,,03/14/19,YES,YES,
The Communist Manifesto,Karl Marx,,,,03/15/19,YES,NO,
The Catcher in the Rye,J. D. Salinger,,,,03/20/19,YES,YES,
How to Win Friends and Influence People,Dale Carnegie,,,,03/24/19,YES,YES,
Do Androids Dream of Electric Sheep?,Philip K. Dick,,,,04/10/19,YES,YES,
Ready Player One,Ernest Cline,,,,05/08/19,YES,NO,One of the shittiest books I’ve read. To add icing on the cake I had to read this for an English class for my private college education.
"King, Warrior, Magician, Lover",Robert L. Moore,,,,05/10/19,YES,YES,
A People's History of the United States,Howard Zinn,,,,05/14/19,YES,YES,
Loneliness,John T. Cacioppo,,,,06/10/19,YES,NO,
Mein Kampf,Adolf Hitler,,,,06/23/19,YES,YES,
The War Against Boys,Christina Hoff Sommers,,,,07/19/19,YES,NO,
Dark Disciple (Star Wars),Christie Golden,,,,08/18/19,YES,NO,
Thrawn,Timothy Zahn,,,,09/08/19,YES,NO,
Dune,Frank Herbert,,,,10/07/19,YES,YES,
Thrawn: Alliances,Timothy Zahn,,,,10/07/19,YES,NO,
Thrawn: Treason,Timothy Zahn,,,,10/25/19,YES,NO,
Dune Messiah,Frank Herbert,,,,11/02/19,YES,NO,
Fantastic Beasts and Where to Find Them,Newt Scamander,,,,11/03/19,YES,NO,
Lolita,Vladimir Nabokov,,,,11/18/19,YES,YES,
Roadside Picnic,Arkady Strugatsky,,,,12/02/19,YES,YES,
American Psycho,Bret Easton Ellis,,,,12/10/19,YES,YES,
All Quiet on the Western Front,Erich Maria Remarque,,,,12/17/19,YES,YES,
Trainspotting,Irvine Welsh,,,,12/30/19,YES,YES,
Journey to the Center of the Earth,Jules Verne,,,,01/16/20,YES,YES,
The Adventures of Tom Sawyer,Mark Twain,,,,01/31/20,YES,YES,
Animal Farm,George Orwell,,,,04/14/20,YES,YES,
Chaos,Tom O'Neill,,,,05/06/20,YES,NO,"The premise of this book seemed exciting. CIA? LSD? FBI? LAPD?Charles Manson? All involved in a tremendous conspiracy?

However the dead end at the conclusion of the book made me disappointed. The author said that he ended up broke and with his partner leaving him after he wrote this title."
Frankenstein,Mary Shelley,,,,05/23/20,YES,YES,
Shōgun,James Clavell,,,,05/26/20,YES,YES,
Steve Jobs,Walter Isaacson,,,10/29/21,11/09/21,YES,YES,"I’ve read this book twice. I read it last year but decided to read it again because I thought it was so good.

Key takeaways: break away from traditional molding, have extreme ownership in anything you do, and be unorthodox."
Fellowship of the Ring,J.R.R. Tolkien,,9780345015339,12/08/21,02/09/22,YES,YES,
The Two Towers,J.R.R. Tolkien,,,02/09/22,02/25/22,YES,YES,
The Return of the King,J.R.R. Tolkien,,,03/02/22,03/16/22,YES,YES,
The 4-Hour Work-week,Timothy Ferriss,,,,05/14/22,YES,YES,
11/22/1963,Stephen King,,,,,YES,YES,
12 Rules for Life,Jordan B. Peterson,,,,,YES,NO,
1984,George Orwell,,,11/15/21,11/26/21,YES,YES,
A Christmas Carol,Charles Dickens,,,,,YES,YES,
Ahsoka (Star Wars),E.K. Johnston,,,,,YES,NO,
Atlas Shrugged,Ayn Rand,,,,,YES,YES,
Bloodline (Star Wars),Claudia Gray,,,,,YES,NO,
Ego is the Enemy,Ryan Holiday,,,,,YES,YES,
Everyone's a Theologian,R.C. Sproul,,,,,YES,YES,
Fear and Loathing in Las Vegas,Hunter S. Thompson,,,,,YES,YES,
Fight Club,Chuck Palahniuk,,,,,YES,YES,
Flawless Consulting,Peter Block,,,11/11/21,11/15/21,YES,YES,Amazing read. Short too. It can be finished in one evening.
Harry Potter and the Chamber of Secrets,J.K. Rowling,,,,,YES,NO,
Harry Potter and the Deathly Hallows,J.K. Rowling,,,,,YES,NO,
Harry Potter and the Goblet of Fire,J.K. Rowling,,,,,YES,NO,
Harry Potter and the Half-Blood Prince,J.K. Rowling,,,,,YES,NO,
Harry Potter and the Order of the Phoenix,J.K. Rowling,,,,,YES,NO,
Harry Potter and the Prisoner of Azkaban,J.K. Rowling,,,,,YES,NO,
Harry Potter and the Sorcerer's Stone,J.K. Rowling,,,,,YES,NO,
How to Kick Someone's Ass,E.R. Silverman,,,,,YES,NO,
Keep Going,Austin Kleon,,,,,YES,NO,
Lord of the Flies,William Golding,,,,,YES,YES,
Lords of the Sith (Star Wars),Paul S. Kemp,,,,,YES,NO,
Lost Stars (Star Wars),Claudia Gray,,,,,YES,NO,
Million Dollar Consulting,Alan Weiss,,,,,YES,YES,
Million Dollar Maverick,Alan Weiss,,,,,YES,YES,
Models,Mark Manson,,,,,YES,YES,
On Writing,Stephan King,,,,,YES,YES,
Permanent Record,Edward Snowden,,,,,YES,YES,
Phasma,Delilah S. Dawson,,,,,YES,NO,
Revan,Drew Karpyshyn,,,,,YES,NO,What a spectacular way to kill an amazing series. KOTOR2 was the last good Star Wars intellectual property.
Rich Dad Poor Dad,Robert T. Kiyoaski,,,,,YES,YES,
Sam and Gus Light Up the Night!,P.D. Eastman,,,,,YES,YES,
Show Your Work,Austin Kleon,,,,,YES,YES,
Start With Why,Simon Sinek,,,,,YES,NO,
Steal Like an Artist,Austin Kleon,,,,,YES,YES,
Stories That Stick,Kindra Hall,,,,,YES,NO,
The 10x Rule,Grant Cardone,,,,,YES,NO,
The 48 Laws of Power,Robert Greene,,,,,YES,YES,
The Art of War,Sun Tzu,,,,,YES,YES,
The Austere Academy,Lemony Snicket,,,,,YES,NO,
The Bad Beginning,Lemony Snicket,,,,,YES,NO,
The Complete Calvin and Hobbes,Bill Watterson,,,,,YES,YES,
The Compound Effect,Darren Hardy,,,,,YES,NO,
The Hobbit,J. R. R. Tolkien,,,11/27/21,12/07/21,YES,YES,"I have read this book four times. Once in middle school, once in high school, once in 2017, and again in 2021. This classic tale never gets old.

Such a wonderful book. I am going to read this to my children.

I give this book 5 out of 5 fat ponies."
The Horse and His Boy,C.S. Lewis,,,,,YES,NO,
The Last Battle,C.S. Lewis,,,,,YES,NO,
"The Lion, the Witch and the Wardrobe",C.S. Lewis,,,,,YES,NO,
The Lord of the Rings,J. R. R. Tolkien,,,,,YES,YES,
The Magician's Nephew,C.S. Lewis,,,,,YES,NO,
The McKinsey Edge,Shu Hatori,,,,,YES,NO,
The McKinsey Mind,Ethan M. Rasiel,,,,,YES,NO,
The McKinsey Way,Ethan M. Rasiel,,,,,YES,NO,
The Miserable Mill,Lemony Snicket,,,,,YES,NO,
The Reptile Room,Lemony Snicket,,,,,YES,NO,
The Satanic Bible,Anton Szandor LaVey,,,,,YES,NO,
The Science of Success,Charles G. Koch,,,,,YES,NO,
The Silver Chair,C.S. Lewis,,,,,YES,NO,
The Subtle Art of Not Giving a F*ck,Mark Manson,,,,,YES,YES,
The Ultimate Sales Machine,Chet Holmes,,,,,YES,YES,
The Voyage of the Dawn Treader,C.S. Lewis,,,,,YES,NO,
The Wide Window,Lemony Snicket,,,,,YES,NO,
This is Marketing,Seth Godin,,,,,YES,NO,
Why We Sleep,Matthew Walker,,,,,YES,YES,
100 Ways to Create Wealth,"Sam Beckford, Steve Chandler",,,,,,,
150 Questions for a Guerrilla,Alberto Bayo,,,,,,,
1919,John Dos Passos,,,,,,,
2666,Roberto Bolaño,,,,,,,
27 Essential Principles of Story,Daniel Joshua Rubin,,,,,,,
33 Strategies of War,Robert Greene,,,,,,,
"84, Charing Cross Road",Helene Hanff,,,,,,,
A Beautiful Mind,Sylvia Nasar,,,,,,,
A Beginner's Guide to the Stock Market: Everything You Need to Start Making Money Today,Matthew R. Kratter,,,,,,,
A Better Man,Michael Ian Black,,,,,,,
A Book of One’s Own,Thomas Mallon,,,,,,,
A Boy at the Hogarth Press,Richard Kennedy,,,,,,,
A Bullet in the Ballet,Caryl Brahms and S. J. Simon ,,,,,,,
A Canticle for Leibowitz,Walter M. Miller Jr.,,,,,,,
A Child’s Garden of Verses,Robert Louis Stevenson,,,,,,,
A Classical Education,Richard Cobb,,,,,,,
A Clockwork Orange,Anthony Burgess,,,,,,,
A Coffin for Dimitrios,Eric Ambler,,,,,,,
A Coffin for King Charles,C. V. Wedgwood,,,,,,,
A Confederacy of Dunces,John Kennedy Toole,,,,,,,
A Dictionary of Modern English Usage,H. W. Fowler,,,,,,,
A Dresser of Sycamore Trees,Garret Keizer,,,,,,,
A Drinking Life,Pete Hamill,,,,,,,
A False Spring,Pat Jordan,,,,,,,
A Fan’s Notes,Frederick Exley,,,,,,,
A Farewell to Arms,Ernest Hemingway,,,,,,,
A Fine Balance,Rohinton Mistry,,,,,,,
A Fortunate Man,John Berger,,,,,,,
A Genius in the Family,Hiram Percy Maxim,,,,,,,
A Glastonbury Romance,John Cowper Powys,,,,,,,
A Grief Observed,C. S. Lewis,,,,,,,
A High Wind in Jamaica,Richard Hughes,,,,,,,
A Hole Is to Dig,Ruth Krauss,,,,,,,
A House for Mr. Biswas,V. S. Naipaul,,,,,,,
A Johnson Reader,Samuel Johnson,,,,,,,
A Judgement in Stone,Ruth Rendell,,,,,,,
A Lesson Before Dying,Ernest J. Gaines,,,,,,,
A Life on Our Planet,David Attenborough,,,,,,,
A Little Princess,Frances Hodgson Burnett,,,,,,,
A Mass for the Dead,William Gibson,,,,,,,
A Mencken Chrestomathy,H. L. Mencken,,,,,,,
A Midsummer Night’s Dream,William Shakespeare,,,,,,,
A Moment’s Liberty,Virginia Woolf,,,,,,,
A Month in the Country,J. L. Carr,,,,,,,
A Palpable God,Reynolds Price,,,,,,,
A Part of Myself,Carl Zuckmayer,,,,,,,
A Passage to India,E. M. Forster,,,,,,,
A Perfect Union of Contrary Things,Maynard James Keenan,,,,,,,
A Personal Matter,Kenzaburō Ōe,,,,,,,
A Personal Record,Joseph Conrad,,,,,,,
A Place of Greater Safety,Hilary Mantel,,,,,,,
A Portrait of the Artist as a Young Man,James Joyce,,,,,,,
A Promised Land,Barack Obama,,,,,,,
A Rage in Harlem,Chester Himes,,,,,,,
A Reader’s Delight,Noel Perrin,,,,,,,
A Romantic Education,Patricia Hampl,,,,,,,
A Scanner Darkly,Philip K. Dick,,,,,,,
A Short Walk in the Hindu Kush,Eric Newby,,,,,,,
A Simple Plan,Scott Smith,,,,,,,
A Sorrow Beyond Dreams,Peter Handke,,,,,,,
A Streetcar Named Desire,Tennessee Williams,,,,,,,
A Supposedly Fun Thing I'll Never Do Again,David Foster Wallace,,,,,,,
A Tale of Two Cities,Charles Dickens,,,,,,,
A Taste for Death,P. D. James,,,,,,,
A Time of Gifts,Patrick Leigh Fermor,,,,,,,
A Tree Grows in Brooklyn,Betty Smith,,,,,,,
A Visit from the Goon Squad,Jennifer Egan  ,,,,,,,
A Walk in the Woods,Bill Bryson,,,,,,,
A Wizard of Earthsea,Ursula K. Le Guin,,,,,,,
"A Woman, a Man, and Two Kingdoms",Francis Steegmuller,,,,,,,
A Wrinkle in Time,Madeleine L’Engle,,,,,,,
A Year in Provence,Peter Mayle,,,,,,,
Abel’s Island,William Steig,,,,,,,
Abraham Lincoln,Abraham Lincoln,,,,,,,
"Absalom, Absalom!",William Faulkner,,,,,,,
Accounting Terms - Financial Education Is Your Best Investment,Thomas Herold,,,,,,,
Act One,Moss Hart,,,,,,,
"Ada, or Ardor",Vladimir Nabokov,,,,,,,
Adam’s Task,Vicki Hearne,,,,,,,
Adventures on the Wine Route,Kermit Lynch,,,,,,,
After Babel,George Steiner,,,,,,,
Against Nature (À Rebours),Joris-Karl Huysmans,,,,,,,
Ages,Johan Huizinga,,,,,,,
Aké,Wole Soyinka,,,,,,,
Akenfield,Ronald Blythe,,,,,,,
Alan Cumming,Alan Cumming,,,,,,,
Alan Turing,Andrew Hodges,,,,,,,
Alcestis,Euripides,,,,,,,
Alexander Hamilton,Ron Chernow,,,,,,,
Algorithms to Live By,Brian Christian,,,,,,,
Alice James,Jean Strouse,,,,,,,
Alice’s Adventures in Wonderland,Lewis Carroll,,,,,,,
All Creatures Great and Small,James Herriot,,,,,,,
All Passion Spent,Vita Sackville-West,,,,,,,
All the King’s Men,Robert Penn Warren,,,,,,,
All the President’s Men,Carl Bernstein and Bob Woodward,,,,,,,
American Pastoral,Philip Roth,,,,,,,
American Prometheus,Kai Bird and Martin J. Sherwin,,,,,,,
Among Others,Jo Walton,,,,,,,
An Age Like This,George Orwell,,,,,,,
An Infamous Army,Georgette Heyer,,,,,,,
Andersonville,MacKinlay Kantor,,,,,,,
Angela’s Ashes,Frank McCourt,,,,,,,
Angels in America,Tony Kushner,,,,,,,
Angle of Repose,Wallace Stegner,,,,,,,
Anna Karenina,Leo Tolstoy,,,,,,,
Anne of Green Gables,L. M. Montgomery,,,,,,,
Another Self,James Lees-Milne,,,,,,,
Antifragile,Nicholas Taleb,,,,,,,
Antigone,Sophocles,,,,,,,
Anybody Can Do Anything,Betty MacDonald,,,,,,,
April 1865,Jay Winik,,,,,,,
Arabian Sands,Wilfred Thesiger,,,,,,,
Arctic Dreams,Barry Lopez,,,,,,,
Are You Somebody?,Nuala O’Faolain,,,,,,,
Are You There God? It’s Me Margaret.,Judy Blume,,,,,,,
Arnold Schwarzenegger,Louise Krasniewicz,,,,,,,
Art and Fear,David Bayles,,,,,,,
Art Money & Success,Maria Brophy,,,,,,,
Art of Deception,Kevin Mitnick,,,,,,,
Art of Intrusion,Kevin Mitnick,,,,,,,
Art of Invisibility,Kevin Mitnick,,,,,,,
ART/WORK,Heather Darcy Bhandari,,,,,,,
Artful,Ali Smith,,,,,,,
Arthaśāstra,Kautilya,,,,,,,
Artist’s Way,Julia Cameron,,,,,,,
As I Lay Dying,William Faulkner,,,,,,,
As I Please,George Orwell,,,,,,,
At Canaan’s Edge,Taylor Branch,,,,,,,
At Swim-Two-Birds,Flann O’Brien,,,,,,,
Atomic Habits,James Clear,,,,,,,
Aubrey’s Brief Lives,John Aubrey,,,,,,,
Autobiography of a Face,Lucy Grealy,,,,,,,
Autobiography of a Yogi,Paramahansa Yogananda,,,,,,,
Autobiography of John Stuart Mill,John Stuart Mill,,,,,,,
Balthazar,Lawrence Durrell,,,,,,,
Bansenshūkai,Yasutake Fujibayashi,,,,,,,
Basic Economics: A Citizen's Guide to the Economy,Thomas Sowell,,,,,,,
Be a Free Range Human,Marianne Cantwell,,,,,,,
"Be Water, My Friend",Shannon Lee,,,,,,,
Beautiful Swimmers,William W. Warner,,,,,,,
Beloved,Toni Morrison,,,,,,,
Benjamin Franklin,Walter Isaacson,074325807X,,05/16/22,,,,
Beowulf,,,,,,,,
Bequest of Wings,Annis Duff,,,,,,,
Berlin Diary,William L. Shirer,,,,,,,
"Bernard Shaw: Collected Letters, 1874–1950",George Bernard Shaw,,,,,,,
Betsy-Tacy,Maud Hart Lovelace,,,,,,,
Between Meals,A. J. Liebling,,,,,,,
Between the World and Me,Ta-Nehisi Coates,,,,,,,
Beyond a Boundary,C. L. R. James,,,,,,,
Beyond Good and Evil,Friedrich Nietzsche,,,,,,,
Bhagavad Gita,,,,,,,,
Black Lamb and Grey Falcon,Rebecca West,,,,,,,
Black Spring,Henry Miller,,,,,,,
Bleak House,Charles Dickens,,,,,,,
Blindness,José Saramago,,,,,,,
"Blood Meridian, or the Evening Redness in the West",Cormac McCarthy,,,,,,,
Blue Highways,William Least Heat-Moon,,,,,,,
Bluffer’s Guide to Etiquette,William Hanson,,,,,,,
Bluffer’s Guide to Management,Jonathan Courtis,,,,,,,
Bluffer’s Guide to Public Relations,Keith Hanm,,,,,,,
Boggs,Lawrence Weschler,,,,,,,
Book Lust,Nancy Pearl,,,,,,,
Book of Ages,Jill Lepore,,,,,,,
Bound to Please,Michael Dirda,,,,,,,
Brave New World,Aldous Huxley,,,,,,,
Brazilian Adventure,Peter Fleming,,,,,,,
Bread and Wine,Ignazio Silone,,,,,,,
Breath,James Nestor,,,,,,,
"Bright Air,  Brilliant Fire",Gerald M. Edelman,,,,,,,
Building a Story Brand,Donald Miller,,,,,,,
Built to Sell,John Warrillow,,,,,,,
Bulfinch’s Mythology,Thomas Bulfinch,,,,,,,
Burr,Gore Vidal,,,,,,,
Bury My Heart at Wounded Knee,Dee Brown,,,,,,,
Call It Sleep,Henry Roth,,,,,,,
Can I Wear My Nose Ring to the Interview?,Ellen Gordon Reeves,,,,,,,
Can’t We Talk About Something More Pleasant?,Roz Chast,,,,,,,
Candide,Voltaire,,,,,,,
"Candide, or Optimism",Voltaire,,,,,,,
Captain Blood,Rafael Sabatini,,,,,,,
Carrie,Stephen King,,,,,,,
Carrying the Fire,Michael Collins,,,,,,,
Case Interview Secrets,Victor Cheng,,,,,,,
Cat’s Eye,Margaret Atwood,,,,,,,
Catalyst: A Rogue One Novel,James Luceno,,,,,,,
Catch Me if You Can,Frank W. Abagnale,,,,,,,
Catch-22,Joseph Heller,,,,,,,
Célestine,Gillian Tindall,,,,,,,
Centuries of Meditations,Thomas Traherne,,,,,,,
Challenger Sale,Matthew Dixon,,,,,,,
Charlotte’s Web,E. B. White,,,,,,,
Chasing the Scream,Johann Hari,,,,,,,
Childhood’s End,Arthur C. Clarke,,,,,,,
Christ Stopped at Eboli,Carlo Levi,,,,,,,
Cider with Rosie,Laurie Lee,,,,,,,
Citizen,Claudia Rankine,,,,,,,
City,Clifford D. Simak,,,,,,,
Classic Crimes,W. N. Roughead,,,,,,,
Clea,Lawrence Durrell,,,,,,,
Clear Light of Day,Anita Desai,,,,,,,
Clémentine in the Kitchen,Samuel Chamberlain,,,,,,,
Clockers,Richard Price,,,,,,,
Code of the Samurai,Taira Shigesuke,,,,,,,
Coders,Clive Thompson,,,,,,,
Cold Comfort Farm,Stella Gibbons,,,,,,,
Collected Albert Camus Poems 1943–2004,Richard Wilbur,,,,,,,
Collected Dialogues,Plato,,,,,,,
Collected Essays,James Baldwin,,,,,,,
Collected Fictions,Jorge Luis Borges,,,,,,,
Collected Stories,Frank O’Connor,,,,,,,
Coming of Age in the Milky Way,Timothy Ferris,,,,,,,
Command and Control,Eric Schlosser,,,,,,,
Commentaries on the Gallic War,Julius Caesar,,,,,,,
Communication Skills Training,James W. Williams,,,,,,,
Company,Samuel Beckett,,,,,,,
Company of One,Paul Jarvis,,,,,,,
Complete Photography,Chris Gatcum,,,,,,,
Complete Poems 1904–1962,E. E. Cummings,,,,,,,
Complete Stories,Clarice Lispector,,,,,,,
Confessions,Saint Augustine,,,,,,,
Confessions of a Philosopher,Bryan Magee,,,,,,,
Consulting Bible,Alan Weiss,,,,,,,
Conversations with Glenn Gould,Jonathan Cott,,,,,,,
Convince Them in 90 Seconds or Less,Nicholas Boothman,,,,,,,
"Corinne, or Italy",Madame de Staël,,,,,,,
Corporate Finance,Greg Shields,,,,,,,
Couple Skills,Steve Keller,,,,,,,
Cranford,Elizabeth Gaskell,,,,,,,
Crazy Salad,Nora Ephron,,,,,,,
Creative Mythology,Joseph Campbell,,,,,,,
Creativity,Mihaly Csikszentmihalyi,,,,,,,
"Creativity, Inc.",Ed Catmull,,,,,,,
Crime and Punishment,Fyodor Dostoevsky,,,,,,,
Critical Path,R. Buckminster Fuller,,,,,,,
Cronopios and Famas,Julio Cortázar,,,,,,,
"Cry, the Beloved Country",Alan Paton,,,,,,,
Cryptonomicon,Neal Stephenson,,,,,,,
Cuckoo’s Egg,Cliff Stoll,,,,,,,
Cultural Amnesia,Clive James,,,,,,,
Cutting Through Spritual Materialism,Chögyam Trungpa,,,,,,,
Cyber Security,Kevin Kali,,,,,,,
Dakota,Kathleen Norris,,,,,,,
Dandelion Wine,Ray Bradbury,,,,,,,
Dangerous Liaisons,Pierre Choderlos de Laclos,,,,,,,
Daring Greatly,Brené Brown,,,,,,,
Dark Alliance,Gary  Webb,,,,,,,
Dark Pools,Scott Patterson,,,,,,,
Darkness at Noon,Arthur Koestler,,,,,,,
Darwin Among the Machines,George Dyson,,,,,,,
Darwin’s Dreampond,Tijs Goldschmidt,,,,,,,
David Copperfield,Charles Dickens,,,,,,,
Dawn of Art,"Jean-Marie Chauvet, Eliette Brunel Deschamps, and Christian Hillaire",,,,,,,
De re militari,Publius Flavius Vegetius Renatus,,,,,,,
Dead Souls,Nikolai Gogol,,,,,,,
Dear Client,Bonnie Siegler,,,,,,,
Dearest Friend,Lynne Withey,,,,,,,
Death Comes for the Archbishop,Willa Cather,,,,,,,
Death of a Salesman,Arthur Miller,,,,,,,
Death of My Aunt,C. H. B. Kitchin,,,,,,,
Democracy in America,Alexis de Tocqueville,,,,,,,
Desert Solitaire,Edward Abbey,,,,,,,
Diary of a Provincial Lady,E. M. Delafield,,,,,,,
Didn’t See That Coming,Rachel Hollis,,,,,,,
Digital Minimalism,Cal Newman,,,,,,,
Dinner at the Homesick Restaurant,Anne Tyler,,,,,,,
Dispatches,Michael Herr,,,,,,,
Doctor Faustus,Thomas Mann,,,,,,,
Doctor Zhivago,Boris Pasternak,,,,,,,
Dombey and Son,Charles Dickens,,,,,,,
Don Quixote,Miguel de Cervantes,,,,,,,
Don't Sweat the Small Stuff ... and It's All Small Stuff,Richard Carlson,,,,,,,
Dr. Johnson and Mr. Savage,Richard Holmes,,,,,,,
Dracula,Bram Stoker,,,,,,,
Dream Pool Essays,Shen Kuo,,,,,,,
Dreams from My Father,Barack Obama,,,,,,,
Dubliners,James Joyce,,,,,,,
Earthly Paradise,Colette,,,,,,,
East of Eden,John Steinbeck,,,,,,,
Eastern Approaches,Fitzroy Maclean,,,,,,,
Einstein’s Dreams,Alan Lightman,,,,,,,
Elizabeth and Her German Garden,Elizabeth von Arnim,,,,,,,
Eloise,Kay Thompson,,,,,,,
Emma,Jane Austen,,,,,,,
Ender’s Game,Orson Scott Card,,,,,,,
Endurance,Alfred Lansing,,,,,,,
Enemies of Promise,Cyril Connolly,,,,,,,
EntreLeadership,Dave Ramsey,,,,,,,
Epic Content Marketing,Joe Pulizzi,,,,,,,
Epitaph of a Small Winner,Joaquim María Machado de Assis,,,,,,,
Espionage and Covert Operations,Vejas Gabriel Liulevicius,,,,,,,
Essays,Michel Eyquem de Montaigne,,,,,,,
Essays and Lectures,Ralph Waldo Emerson,,,,,,,
Ethical Hacking,Zach Codings,,,,,,,
Eugene Onegin,Alexander Pushkin,,,,,,,
Everything Flows,Vasily Grossman,,,,,,,
Everything is Fucked,Mark Manson,,,,,,,
Everything That Rises Must Converge,Flannery O'Connor,,,,,,,
Evolutionary Psychology,David M. Buss,,,,,,,
Excellent Women,Barbara Pym,,,,,,,
Explaining Hitler,Ron Rosenbaum,,,,,,,
Extreme Ownership,Jocko Willink,,,,,,,
Eyewitness to History,John Carey,,,,,,,
Fahrenheit 451,Ray Bradbury,,,,,,,
Failing Forward,John C. Maxwell,,,,,,,
Fairy Tales,Hans Christian Andersen,,,,,,,
Fame and Obscurity,Gay Talese,,,,,,,
Fanatical Prospecting,Jen Blount,,,,,,,
Fast Asleep,Dr. Michael Mosley,,,,,,,
Faust,Johann Wolfgang Von Goethe,,,,,,,
Fearless Writing,William Kenower,,,,,,,
Fer-de-Lance,Rex Stout,,,,,,,
Ficciones,Jorge Luis Borges,,,,,,,
Fifth Business,Robertson Davies,,,,,,,
Finnegans Wake,James Joyce,,,,,,,
Five Days in London,John Lukacs,,,,,,,
Flash Boys,Michael   Lewis,,,,,,,
Flashman,George MacDonald Fraser,,,,,,,
Flatland,Edwin A. Abbott,,,,,,,
Flaubert’s Parrot,Julian Barnes,,,,,,,
Flour Water Salt Yeast,Ken Forkish,,,,,,,
Footsteps,Richard Holmes,,,,,,,
Forests,Robert Pogue Harrison,,,,,,,
Forms of Devotion,Diane Schoemperlen,,,,,,,
Fortitude,Dan Crenshaw,,,,,,,
Foucault's Pendulum,Umberto Eco,,,,,,,
Foundation,Isaac Asimov,,,,,,,
Foundation and Empire,Isaac Asimov,,,,,,,
Founding Brothers,Joseph J. Ellis,,,,,,,
Four Quartets,T. S. Eliot,,,,,,,
France and England in North America,Francis Parkman,,,,,,,
Franny and Zooey,J.D. Salinger,,,,,,,
Free to Choose,Milton Friedman,,,,,,,
Friday Night Lights,H. G. Bissinger,,,,,,,
Friends in High Places,Donna Leon,,,,,,,
From Russia with Love,Ian Fleming,,,,,,,
From the Mixed-Up Files of Mrs. Basil E. Frankweiler,E. L. Konigsburg,,,,,,,
Fun Home,Alison Bechdel,,,,,,,
Gardening for Love,Elizabeth Lawrence,,,,,,,
Gargantua and Pantagruel,François Rabelais,,,,,,,
Garibaldi and the Thousand,George Macaulay Trevelyan,,,,,,,
Germinal,Émile Zola,,,,,,,
Getting to Yes,Roger Fisher,,,,,,,
Giants and Heroes,Dianne Tittle de Laet,,,,,,,
Gilead,Marilynne Robinson,,,,,,,
Girl in Hyacinth Blue,Susan Vreeland,,,,,,,
Give Me a Break,John Stossel,,,,,,,
Giving Up the Gun,Noel Perrin,,,,,,,
Go Ask Alice,Beatrice Sparks,,,,,,,
"Gödel, Escher, Bach",Douglas R. Hofstadter,,,,,,,
Gone Girl,Gillian Flynn,,,,,,,
Gone With the Wind,Margaret Mitchell,,,,,,,
"Good Habits, Bad Habits",Wendy Wood,,,,,,,
Good to Great,James C. Collins,,,,,,,
Good-Bye to All That,Robert Graves,,,,,,,
"Goodbye, Darkness",William Manchester,,,,,,,
"Goodbye, Mr. Chips",James Hilton,,,,,,,
Goodnight Moon,Margaret Wise Brown,,,,,,,
Gormenghast,Mervyn Peake,,,,,,,
Grain Brain,David Perlmutter,,,,,,,
Graphic Design for Everyone,Cath Caldwell,,,,,,,
Gravity’s Rainbow,Thomas Pynchon,,,,,,,
Great Books,David Denby,,,,,,,
Great Expectations,Charles Dickens,,,,,,,
Great River,Paul Horgan,,,,,,,
Grimms’ Tales for Young and Old,Jacob and Wilhelm Grimm,,,,,,,
Growing Up,Russell Baker,,,,,,,
Guerrilla Warfare,Che Guevara,,,,,,,
Guitar,David Schiller,,,,,,,
Gulliver’s Travels,Jonathan Swift,,,,,,,
Guys and Dolls,Damon Runyon,,,,,,,
Hadji Murat,Leo Tolstoy,,,,,,,
Hagakure,Yamamoto Tsunetomo,,,,,,,
Half of a Yellow Sun,Chimamanda Ngozi Adichie,,,,,,,
Hamlet,William Shakespeare,,,,,,,
Harassment Architecture,Mike Ma,,,,,,,
Harold and the Purple Crayon,Crockett Johnson,,,,,,,
Harriet the Spy,Louise Fitzhugh,,,,,,,
Heart of Darkness,Joseph Conrad,,,,,,,
Heat and Dust,Ruth Prawer Jhabvala,,,,,,,
Hegel's Phenomenology of Spirit,Georg Wilhelm Friedrich Hegel,,,,,,,
Heir to the Jedi,Kevin Hearne,,,,,,,
Heisenberg’s War,Thomas Powers,,,,,,,
Hello World,Hannah Fry,,,,,,,
"Henry IV, Part 1",William Shakespeare,,,,,,,
"Henry IV, Part 2",William Shakespeare,,,,,,,
Henry V,William Shakespeare,,,,,,,
Her Smoke Rose Up Forever,James Tiptree Jr.,,,,,,,
Hermit of Peking,Hugh Trevor-Roper,,,,,,,
Hero with a Thousand Faces,Joseph Campbell,,,,,,,
Hiroshima Diary,Michihiko Hachiya,,,,,,,
Histories,Herodotus,,,,,,,
History,Elsa Morante ,,,,,,,
History of My Life,Giacomo Casanova,,,,,,,
History of the Conquest of Mexico,William H. Prescott,,,,,,,
History of the Peloponnesian War,Thucydides,,,,,,,
Holmes-Laski Letters,Oliver Wendell Holmes Jr.,,,,,,,
Holy Land,D. J. Waldie,,,,,,,
Homage to Catalonia,George Orwell,,,,,,,
Home,Witold Rybczynski,,,,,,,
Hons and Rebels,Jessica Mitford,,,,,,,
Hope Against Hope,Nadezhda Mandelstam,,,,,,,
Hopscotch,Julio Cortázar,,,,,,,
House Made of Dawn,N. Scott Momaday,,,,,,,
How Buildings Learn,Stewart Brand,,,,,,,
How Proust Can Change Your Life,Alain de Botton,,,,,,,
How to Be an Inclusive Leader,Jennifer Brown,,,,,,,
How to Change Your Mind,Michael Pollan,,,,,,,
How to Make Millions with Your Ideas,Dan S. Kennedy,,,,,,,
How to Make People do What you Want,James W. Williams,,,,,,,
How to Make People Laugh,James W. Williams,,,,,,,
How to Make People Like You,James W. Williams,,,,,,,
How to Make People Like You in 90 Seconds or Less,Nicholas Boothman,,,,,,,
How to Read People Like a Book,James W. Williams,,,,,,,
How to Stop Worrying and Start Living,Dale Carnegie,,,,,,,
How to Tell When You’re Tired,Reg Theriault,,,,,,,
Howl and Other Poems,Allen Ginsberg,,,,,,,
HR on Purpose,Steve Browne,,,,,,,
Human Compatible,Stuart Russell,,,,,,,
Human Errors,Nathan H. Lents,,,,,,,
Hunger,Knut Hamsun,,,,,,,
Hunger of Memory,Richard Rodriguez,,,,,,,
Huolongjing,Liu Bowen,,,,,,,
I and Thou,Martin Buber,,,,,,,
I Capture the Castle,Dodie Smith,,,,,,,
I Hear You,Michael S. Sorensen,,,,,,,
I Know Why the Caged Bird Sings,Maya Angelou,,,,,,,
I Thought It was Just Me,Brené Brown,,,,,,,
I Was a Stranger,Sir John Winthrop Hackett,,,,,,,
I Will Teach You to Be Rich,Ramit Sethi,,,,,,,
If on a Winter's Night a Traveler,Italo Calvino,,,,,,,
If This Is a Man,Primo Levi,,,,,,,
Ill Met by Moonlight,W. Stanley Moss,,,,,,,
Illuminations,Arthur Rimbaud,,,,,,,
In Cold Blood,Truman Capote,,,,,,,
In Front of Your Nose,George Orwell,,,,,,,
In Our Time,Ernest Hemingway,,,,,,,
In Search of Lost Time,Marcel Proust,,,,,,,
In the Freud Archives,Janet Malcolm,,,,,,,
In the Vineyard of the Text,Ivan Illich,,,,,,,
In Xanadu,William Dalrymple ,,,,,,,
Independence Day,Richard Ford,,,,,,,
Independent People,Halldór Laxness,,,,,,,
Independent Spirit,Hubert Butler,,,,,,,
Infanterie Greift An,Erwin Rommel,,,,,,,
Inferno,Dante Alighieri,,,,,,,
Inferno Squad,Christie Golden,,,,,,,
Infinite Jest,David Foster Wallace,,,,,,,
Influence,Robert B. Cialdini,,,,,,,
Instead of a Letter,Diana Athill,,,,,,,
Interpreter of Maladies,Jhumpa Lahiri,,,,,,,
Interview with the Vampire,Anne Rice,,,,,,,
Into the Heart of Borneo,Redmond O’Hanlon,,,,,,,
Into Thin Air,Jon Krakauer,,,,,,,
Invisible Cities,Italo Calvino,,,,,,,
Invisible Man,Ralph Ellison,,,,,,,
Invitation to a Beheading,Vladimir Nabokov,,,,,,,
Ishmael,Daniel Quinn,,,,,,,
Israel and the Dead Sea Scrolls,Edmund Wilson,,,,,,,
It’s the Manager,Jim Clifton,,,,,,,
Italian Journey,Johann Wolfgang Von Goethe,,,,,,,
Jane Eyre,Charlotte Brontë,,,,,,,
Japanese Inn,Oliver Statler,,,,,,,
Jerusalem,Alan Moore,,,,,,,
Johnny Tremain,Esther Forbes,,,,,,,
Journey to the End of the Night,Louis-Ferdinand Céline,,,,,,,
JR,William Gaddis,,,,,,,
Jude the Obscure,Thomas Hardy,,,,,,,
Judgment Night,C. L. Moore,,,,,,,
Julius Caesar,William Shakespeare,,,,,,,
Just for Fun,Linus Torvalds,,,,,,,
Just So Stories for Little Children,Rudyard Kipling,,,,,,,
Justine,Lawrence Durrell,,,,,,,
Kaddish,Leon Wieseltier,,,,,,,
Kafka on the Shore,Haruki Murakami,,,,,,,
Kaputt,Curzio Malaparte,,,,,,,
Kidnapped,Robert Louis Stevenson,,,,,,,
Kilvert’s Diary,Francis Kilvert,,,,,,,
King Lear,William Shakespeare,,,,,,,
King Lear,William Shakespeare,,,,,,,
Kiss the Girls,James Patterson,,,,,,,
Kokoro,Natsume Sōseki,,,,,,,
Kon-Tiki,Thor Heyerdahl,,,,,,,
Kornél Esti,Dezső Kosztolányi,,,,,,,
Kristin Lavransdatter,Sigrid Undset,,,,,,,
Kybalion,Three Initiates,,,,,,,
LaBrava,Elmore Leonard,,,,,,,
Landscape and Memory,Simon Schama,,,,,,,
Lark Rise to Candleford,Flora Thompson,,,,,,,
Laughing in the Hills,Bill Barich,,,,,,,
Leadership and Training for the Fight,Paul R. Howe,,,,,,,
Leadership Strategy and Tactics,Jocko Willink,,,,,,,
Lean Mastery Collection,Michael S. Lean,,,,,,,
Lean Mastery Collection,Jeffrey Ries,,,,,,,
Learn To Think Using Thought Experiments,Patrick King,,,,,,,
Leaves of Grass,Walt Whitman,,,,,,,
Leia: Princess of Alderaan,Claudia Gray,,,,,,,
Lenin’s Tomb,David Remnick,,,,,,,
Leo Africanus,Amin Maalouf,,,,,,,
Les Misérables,Victor Hugo,,,,,,,
Less is More,Goldian VandenBroeck,,,,,,,
Let Us Now Praise Famous Men,James Agee,,,,,,,
Letters from the Earth,Mark Twain,,,,,,,
Letters of a Woman Homesteader,Elinore Pruitt Stewart,,,,,,,
Letters of John Keats,John Keats,,,,,,,
Letters of Pliny the Younger,Pliny the Younger,,,,,,,
Liar’s Poker,Michael Lewis,,,,,,,
Life,Georges Perec,,,,,,,
Life & Times of Michael K,J. M. Coetzee,,,,,,,
Life 3.0,Max  Tegmark,,,,,,,
Life Among the Savages,Shirley Jackson,,,,,,,
Life and Fate,Vasily Grossman,,,,,,,
Life in Code,Ellen Ullman,,,,,,,
Life of Pi,Yann Martel,,,,,,,
Light in August,William Faulkner,,,,,,,
Light Years,James Salter,,,,,,,
Lincoln at Gettysburg,Garry Wills,,,,,,,
Little Bear,Else Holmelund Minarik,,,,,,,
Little Fur Family,Margaret Wise Brown,,,,,,,
Little House in the Big Woods,Laura Ingalls Wilder,,,,,,,
Little Women,Louisa May Alcott,,,,,,,
"Little, Big",John Crowley,,,,,,,
"Lives of the Most Excellent Painters, Sculptors, and Architects",Giorgio Vasari,,,,,,,
Lonesome Dove,Larry McMurtry,,,,,,,
Long Day’s Journey into Night,Eugene O’Neill,,,,,,,
Long Story Short,Margot Leitman,,,,,,,
Longitude,Dava Sobel,,,,,,,
"Look Homeward, Angel",Thomas Wolfe,,,,,,,
"lost boy, lost girl",Peter Straub,,,,,,,
Lost Illusions,Honoré De Balzac,,,,,,,
Lost in Place,Mark Salzman,,,,,,,
"Love, Loss, and What I Wore",Ilene Beckerman,,,,,,,
Lucky Jim,Kingsley Amis,,,,,,,
Macbeth,William Shakespeare,,,,,,,
Madame Bovary,Gustave Flaubert,,,,,,,
Madeline,Ludwig Bemelmans,,,,,,,
Maigret and the Man on the Bench,Georges Simenon,,,,,,,
Main Street,Sinclair Lewis,,,,,,,
Make Way for Ducklings,Robert McCloskey,,,,,,,
Making Work Visible,Dominica Degrandis,,,,,,,
Man and His Symbols,C.G. Jung,,,,,,,
Man Meets Dog,Konrad Lorenz,,,,,,,
Man Up!,Paul O’Donnell,,,,,,,
Man's Search for Meaning,Viktor E. Frankl,,,,,,,
Mansfield Park,Jane Austen,,,,,,,
Manufacturing Consent,Edward S. Herman,,,,,,,
Map: Collected and Last Poems,Wisława Szymborska,,,,,,,
Mason & Dixon,Thomas Pynchon,,,,,,,
Master and Commander,Patrick O’Brian,,,,,,,
Master of the Senate,Robert A. Caro,,,,,,,
Mastery,Robert Greene,,,,,,,
Matilda,Roald Dahl,,,,,,,
Means of Ascent,Robert A. Caro,,,,,,,
Medea,Euripides,,,,,,,
Medieval in LA,Jim Paul,,,,,,,
Meditations,Marcus Aurelius,,,,,,,
Meditations on First Philosophy,René Descartes,,,,,,,
Melbourne,David Cecil,,,,,,,
Melmed,,,,,,,,
Memento Mori,Muriel Spark,,,,,,,
Memoirs,Duc de Saint-Simon,,,,,,,
Memoirs of a Dutiful Daughter,Simone De Beauvoir,,,,,,,
Memoirs of a Medieval Woman,Louise Collis,,,,,,,
Memoirs of Hadrian,Marguerite Yourcenar,,,,,,,
Memoirs of Lorenzo Da Ponte,Lorenzo Da Ponte,,,,,,,
Memorial,Ferdinando Camon,,,,,,,
Memories of the Great and the Good,Alistair Cooke,,,,,,,
"Memories, Dreams, Reflections",C. G. Jung,,,,,,,
Merry Hall,Beverley Nichols,,,,,,,
Metamorphoses,Ovid,,,,,,,
Microbe Hunters,Paul de Kruif,,,,,,,
Middlemarch,George Eliot,,,,,,,
Midnight in Sicily,Peter Robb,,,,,,,
Midnight in the Garden of Good and Evil,John Berendt,,,,,,,
Midnight’s Children,Salman Rushdie,,,,,,,
"Moby-Dick or, the Whale",Herman Melville,,,,,,,
Molloy,Samuel Beckett,,,,,,,
"Molloy, Malone Dies, The Unnamable (The Trilogy, #1-3)",Samuel Beckett,,,,,,,
Morgan: American Financier,Jean Strouse,,,,,,,
Most of the Most of S. J. Perelman,S. J. Perelman,,,,,,,
Mountolive,Lawrence Durrell,,,,,,,
Movie Speak,Tony Bill,,,,,,,
Mr. Blandings Builds His Dream House,Eric Hodgins,,,,,,,
Mrs. Adams in Winter,Michael O’Brien,,,,,,,
Mrs. Dalloway,Virginia Woolf,,,,,,,
Mumbo Jumbo,Ishmael Reed,,,,,,,
Mutiny on the Bounty,Charles Nordhoff and James Norman Hall,,,,,,,
My Brilliant Career,Miles Franklin,,,,,,,
My Brilliant Friend,Elena Ferrante,,,,,,,
My Country Right or Left,George Orwell,,,,,,,
My Dog Tulip,J. R. Ackerley,,,,,,,
My Family and Other Animals,Gerald Durrell,,,,,,,
My Father’s Fortune,Michael Frayn,,,,,,,
My Father’s Glory,Marcel Pagnol,,,,,,,
My First Summer in the Sierra,John Muir,,,,,,,
My Mother’s Castle,Marcel Pagnol,,,,,,,
My Past and Thoughts,Alexander Herzen,,,,,,,
Mystery Train,Greil Marcus,,,,,,,
Naked Lunch,William S. Burroughs,,,,,,,
Narconomics: How to Run a Drug Cartel,Tom Wainwright,,,,,,,
"Narrative of the Life of Frederick Douglass, an American Slave",Frederick Douglass,,,,,,,
Native Son,Richard Wright,,,,,,,
Naturalist,Edward O. Wilson,,,,,,,
Nausea,Jean-Paul Sartre,,,,,,,
Navigator of the Flood,Mario Brelich,,,,,,,
Nelson Mandela,Martin Meredith,,,,,,,
Neuromancer,William Gibson,,,,,,,
Never Split the Difference,Chris Voss,,,,,,,
New Power,Jeremy Heimans,,,,,,,
New Sales. Simplified,Mike Weinberg,,,,,,,
Nicholas and Alexandra,Robert K. Massie,,,,,,,
Nicomachean Ethics,Aristotle,,,,,,,
Night,Elie Wiesel,,,,,,,
No Exit,Jean-Paul Sartre,,,,,,,
No Longer Human,Osamu Dazai,,,,,,,
No Picnic on Mount Kenya,Felice Benuzzi,,,,,,,
"No, They Can't",John Stossel,,,,,,,
Nomad,Emma Reddington,,,,,,,
Northanger Abbey,Jane Austen,,,,,,,
Notes from Underground,Fyodor Dostoyevsky,,,,,,,
Nova,Samuel R. Delany,,,,,,,
O Pioneers!,Willa Cather,,,,,,,
Oblomov,Ivan Goncharov,,,,,,,
Occidental Mythology,Joseph Campbell,,,,,,,
Oedipus at Colonus,Sophocles,,,,,,,
Oedipus the King,Sophocles,,,,,,,
Of Mice and Men,John Steinbeck,,,,,,,
Offshore,Penelope Fitzgerald,,,,,,,
Old Glory,Jonathan Raban,,,,,,,
Old Herbaceous,Reginald Arkell,,,,,,,
Old House of Fear,Russell Kirk,,,,,,,
Oliver Twist,Charles Dickens,,,,,,,
On Growth and Form,D’Arcy Wentworth Thompson,,,,,,,
On Protracted War,Mao Zedong,,,,,,,
On the Road,Jack Kerouac,,,,,,,
On the Shoulders of Giants,Robert K. Merton,,,,,,,
On War,Carl von Clausewitz ,,,,,,,
One Day in the Life of Ivan Denisovich,Aleksandr Solzhenitsyn,,,,,,,
One Decision,Mike Bayer,,,,,,,
One Flew Over the Cuckoo's Nest,Ken Kesey,,,,,,,
One Hundred Views of Mt. Fuji,Katsushika Hokusai,,,,,,,
One Hundred Years of Solitude,Gabriel García Márquez,,,,,,,
Ongoingness,Sarah Manguso,,,,,,,
Oranges,John McPhee,,,,,,,
Oriental Mythology,Joseph Campbell,,,,,,,
Orlando,Virginia Woolf,,,,,,,
Othello,William Shakespeare,,,,,,,
Outwitting the Devil,Napoleon Hill,,,,,,,
Own the Day,Aubrey Marcus,,,,,,,
"Own the Day, Own Your Life",Aubrey Marcus,,,,,,,
Pale Fire,Vladimir Nabokov,,,,,,,
Palm-of-the-Hand Stories,Yasunari Kawabata,,,,,,,
Pan,Knut Hamsun,,,,,,,
"Papa, Please Get the Moon for Me",Eric Carle,,,,,,,
Paradise Lost,John Milton,,,,,,,
Paradiso,Dante Alighieri,,,,,,,
Parnassus on Wheels,Christopher Morley,,,,,,,
Part of Our Time,Murray Kempton,,,,,,,
Parting the Waters,Taylor Branch,,,,,,,
Passing the Time in Ballymenone,Henry Glassie,,,,,,,
Past Master,R. A. Lafferty,,,,,,,
Pattern Recognition,William Gibson,,,,,,,
Pax Britannica,Jan Morris,,,,,,,
Peace Is Every Step,Thich Nhat Hanh,,,,,,,
Pensées,Blaise Pascal,,,,,,,
Père Goriot,Honoré de Balzac,,,,,,,
Period Piece,Gwen Raverat,,,,,,,
Personal History,Katharine Graham,,,,,,,
Personal Memoirs of U. S. Grant,Ulysses S. Grant,,,,,,,
Persuasion,Jane Austen,,,,,,,
Peter and Wendy,J. M. Barrie,,,,,,,
Petersburg,Andrei Bely,,,,,,,
Photo Basics,Joel Sartore,,,,,,,
Pigs Have Wings,P. G. Wodehouse,,,,,,,
Pilgrim at Tinker Creek,Annie Dillard,,,,,,,
Pillar of Fire,Taylor Branch,,,,,,,
Plagues and Peoples,William H. McNeill,,,,,,,
Plutarch’s Lives,Plutarch,,,,,,,
Poems,Emily Dickinson,,,,,,,
Poems,Sappho,,,,,,,
Poems and Sermons,John Donne U.S.A.,,,,,,,
Poetry and Tales,Edgar Allan Poe,,,,,,,
Polar Star,Martin Cruz Smith,,,,,,,
Police Negotiator’s Handbook,Ronald J. York,,,,,,,
Poor Charlie's Almanack,Charles T. Munger,,,,,,,
Portrait of a Marriage,Nigel Nicolson,,,,,,,
Possession,A. S. Byatt,,,,,,,
Post American World,Fareed Zakaria,,,,,,,
Practicing Mindfulness,Mark W. Muesse,,,,,,,
Praise of Folly,Desiderius Erasmus,,,,,,,
Presumed Innocent,Scott Turow,,,,,,,
Pride and Prejudice,Jane Austen,,,,,,,
Primitive Mythology,Joseph Campbell,,,,,,,
Principia Ethica (Philosophical Classics),G.E. Moore,,,,,,,
Principles,Ray Dalio,,,,,,,
Principles: Life and Work,Ray Dalio,,,,,,,
"Prisoner Without a Name, Cell Without a Number",Jacobo Timerman,,,,,,,
Products of the Perfected Civilization,Sébastien-Roch Nicolas Chamfort,,,,,,,
Psycho-Cybernetics,Maxwell Maltz,,,,,,,
Purgatorio,Dante Alighieri,,,,,,,
Pygmalion,George Bernard Shaw,,,,,,,
QED,Richard P. Feynman,,,,,,,
Quicksilver,Neal Stephenson,,,,,,,
Ragtime,E. L. Doctorow,,,,,,,
Range,David Epstein,,,,,,,
Re-Awaken the Giant Within,Anthony Robbins,,,,,,,
Re: Colonised Planet 5,Shikasta,,,,,,,
Reading Lolita in Tehran,Azar Nafisi,,,,,,,
Rebecca,Daphne du Maurier,,,,,,,
Rebellion in the Backlands,Euclides da Cunha,,,,,,,
Reflections on the Revolution in France,Edmund Burke,,,,,,,
Regeneration,Pat Barker,,,,,,,
Rejection Proof,Jia Jiang,,,,,,,
Rejoice & Tremble,Michael Reeves,,,,,,,
Religion and the Decline of Magic,Keith Thomas,,,,,,,
Remote: Office Not Required,David Heinemeier Hansson,,,,,,,
Rework,Jason Fried,,,,,,,
Rich Dad’s Guide to Becoming Rich Without Cutting Up Your Credit Cards,Robert T. Kiyosaki,,,,,,,
Richard II,William Shakespeare,,,,,,,
Ring of Bright Water,Gavin Maxwell,,,,,,,
Ringworld,Larry Niven,,,,,,,
River of Shadows,Rebecca Solnit,,,,,,,
Robert’s Rules of Order,Henry M. Robert III,,,,,,,
Robinson Crusoe,Daniel Defoe,,,,,,,
Rogue Male,Geoffrey Household,,,,,,,
Rome and a Villa,Eleanor Clark,,,,,,,
Romeo and Juliet,William Shakespeare,,,,,,,
Rosemary’s Baby,Ira Levin,,,,,,,
Sailing Alone Around the Room,Billy Collins,,,,,,,
Sailing Alone Around the World,Joshua Slocum,,,,,,,
Saint-Exupéry,Stacy Schiff,,,,,,,
Salt Sugar Fat,Michael Moss,,,,,,,
Sam Walton: Made In America,Sam Walton,,,,,,,
Samuel Johnson,W. Jackson Bate,,,,,,,
Save the Cat! Writes a Novel,Jessica Brody,,,,,,,
Second Foundation,Isaac Asimov,,,,,,,
Secrets of Power Negotiating,Roger Dawson,,,,,,,
Secrets of Screen Acting,Patrick Tucker,,,,,,,
Seducing Strangers,Josh Weltman,,,,,,,
Selected Poetry,Rainer Maria Rilke,,,,,,,
"Selected Stories, 1968–1994",Alice Munro,,,,,,,
Sense and Sensibility,Jane Austen,,,,,,,
Sentimental Education,Gustave Flaubert,,,,,,,
Seth Speaks,Jane Roberts,,,,,,,
Seven Pillars of Wisdom,T. E. Lawrence,,,,,,,
Siddhartha,Hermann Hesse,,,,,,,
Silence,Shūsaku Endō,,,,,,,
Silent Spring,Rachel Carson,,,,,,,
Simone Weil,Simone Weil,,,,,,,
Simple Sabotage Field Manual,CIA,,,,,,,
Sister Carrie,Theodore Dreiser,,,,,,,
Six Months Off,Hope Dlugozima,,,,,,,
Skellig,David Almond,,,,,,,
Slaughterhouse-Five,Kurt Vonnegut Jr.,,,,,,,
Slaves in the Family,Edward Ball,,,,,,,
Sleepless Nights,Elizabeth Hardwick,,,,,,,
Slightly Out of Focus,Robert Capa,,,,,,,
Small Giants,Bo Burlingham,,,,,,,
Small Talk at Wreyland,Cecil Torr,,,,,,,
Smarter. Faster. Cheaper,David Siteman Garland,,,,,,,
Snow Country,Yasunari Kawabata,,,,,,,
So Good They Can't Ignore You,Cal Newport,,,,,,,
Sodom and Gomorrah,Marcel Proust,,,,,,,
Something Happened,Joseph Heller,,,,,,,
Sometimes a Great Notion,Ken Kesey,,,,,,,
Son of the Morning Star,Evan S. Connell,,,,,,,
Songs of Innocence and of Experience,William Blake,,,,,,,
Sons and Lovers,D. H. Lawrence,,,,,,,
Sophie’s Choice,William Styron,,,,,,,
"Sorry I'm Late, I Didn't Want to Come",Jessica Pan,,,,,,,
Sparkle and Spin,Ann Rand and Paul Rand,,,,,,,
Spartina,John Casey,,,,,,,
"Speak, Memory",Vladimir Nabokov,,,,,,,
Steppenwolf,Hermann Hesse,,,,,,,
Still With It!,Peter Buckman,,,,,,,
Stoner,John Williams,,,,,,,
Stories,Anton Chekhov,,,,,,,
Stories of a Parish Pastor,Richard Daives,,,,,,,
Storm of Steel,Ernst Jünger,,,,,,,
Stormbringer,Michael Moorcock,,,,,,,
Stranger in a Strange Land,Robert A. Heinlein,,,,,,,
Strategy Beyond the Hockey Stick,Chris Bradley,,,,,,,
Stravinsky,Robert Craft,,,,,,,
StrengthsQuest,Donald O. Clifton,,,,,,,
String Too Short to Be Saved,Donald Hall,,,,,,,
Study Is Hard Work,William H. Armstrong,,,,,,,
Suttree,Cormac McCarthy,,,,,,,
Swallowing Clouds,A. Zee,,,,,,,
Swallows and Amazons,Arthur Ransome,,,,,,,
Swann's Way,Marcel Proust,,,,,,,
Swann’s Way,Marcel Proust,,,,,,,
Tales and Sketches,Nathaniel Hawthorne,,,,,,,
Tales of the City,Armistead Maupin,,,,,,,
Talk Like TED,Carmine Gallo,,,,,,,
Talking Like the Rain,X. J. Kennedy,,,,,,,
Talleyrand,Duff Cooper,,,,,,,
Tao Te Ching,,,,,,,,
Tarka the Otter,Henry Williamson,,,,,,,
Tarkin,James Luceno,,,,,,,
Tell Me a Riddle,Tillie Olsen,,,,,,,
Ten Drugs,Thomas Hager,,,,,,,
Ten Years in the Tub,Nick Hornby,,,,,,,
Tender at the Bone,Ruth Reichl,,,,,,,
Tender Is the Night,Scott Fitzgerald,,,,,,,
The 10 Pillars of Wealth,Alex Becker,,,,,,,
The 22 Immutable Laws of Marketing,Al Ries,,,,,,,
The 33 Strategies of War,Robert Greene,,,,,,,
The 42nd Parallel,John Dos Passos,,,,,,,
The 5 Love Languages,Gary Chapman,,,,,,,
The 7 Habits of Highly Effective People,Stephen R. Covey,,,,,,,
The 80/20 Principle: The Secret to Achieving More with Less,Richard Koch,,,,,,,
The Absolutely True Diary of a Part-Time Indian,Sherman Alexie,,,,,,,
The Adventures of Augie March,Saul Bellow,,,,,,,
The Adventures of Huckleberry Finn,Mark Twain,,,,,,,
The Adventures of Ibn Battuta,Ross E. Dunn,,,,,,,
The Aeneid,Virgil,,,,,,,
The Age of Innocence,Edith Wharton,,,,,,,
The Aleph and Other Stories,Jorge Luis Borges,,,,,,,
The All of It,Jeannette Haien,,,,,,,
The Amazing Adventures of Kavalier & Clay,Michael Chabon,,,,,,,
The Amazon Management System,Ram Charan,,,,,,,
The Anatomy of Melancholy,Robert Burton,,,,,,,
The Andromeda Strain,Michael Crichton,,,,,,,
The Annals,Tacitus,,,,,,,
The Answer Is…,Alex Trebek,,,,,,,
The Arabian Nights,,,,,,,,
The Armies of the Night,Norman Mailer,,,,,,,
The Art of Eating,M. F. K. Fisher,,,,,,,
The Art of Mental Training,D. C. Gonzalez,,,,,,,
The Art of Non-Conformity,Chris Guillebeau,,,,,,,
The Art of Seduction,Robert Greene,,,,,,,
The Art of Storytelling,Hannah B. Harvey,,,,,,,
The Art of the Personal Essay,Phillip Lopate,,,,,,,
The Art of War,Antoine-Henri Jomini,,,,,,,
The Art of War,Machiavelli,,,,,,,
The Art of War for Managers,Gerald A. Michaelson,,,,,,,
The Ascent of Rum Doodle,W. E. Bowman,,,,,,,
The Aspern Papers,Henry James,,,,,,,
The Auberge of the Flowering Hearth,Roy Andries de Groot,,,,,,,
The Autobiography of Alice B. Toklas,Gertrude Stein,,,,,,,
The Autobiography of Benjamin Franklin,Benjamin Franklin,,,,,,,
The Autobiography of Benvenuto Cellini,Benvenuto Cellini,,,,,,,
The Autobiography of Malcolm X,Malcolm X,,,,,,,
The Autumn of the Middle Ages,Johan Huizinga,,,,,,,
The Awakening,Kate Chopin,,,,,,,
The Baburnama,Zahiruddin Muhammad Babur,,,,,,,
The Bacchae,Euripides,,,,,,,
The Beast in the Nursery,Adam Phillips,,,,,,,
The Bell Curve,Richard J. Herrnstein,,,,,,,
The Berlin Stories,Christopher Isherwood,,,,,,,
The Best and the Brightest,David Halberstam,,,,,,,
The Bezos Letters,Steve Anderson,,,,,,,
The Bible,,,,,,,,
The Big Money,John Dos Passos,,,,,,,
The Big Sleep,Raymond Chandler,,,,,,,
The Birth of Tragedy,Friedrich Nietzsche,,,,,,,
The Birthday Boys,Beryl Bainbridge,,,,,,,
The Black Swan,Nassim Nicholas Taleb,,,,,,,
The Bogey Man,George Plimpton,,,,,,,
The Bonfire of the Vanities,Tom Wolfe,,,,,,,
The Book of Common Prayer,,,,,,,,
The Book of Disquiet,Fernando Pessoa,,,,,,,
The Book of Ebenezer Le Page,G. B. Edwards,,,,,,,
The Book of Feats of Arms and of Chivalry,Christine de Pizan,,,,,,,
The Book of Five Rings,Miyamoto Musashi,,,,,,,
The Book of Job,,,,,,,,
The Book of Laughter and Forgetting,Milan Kundera,,,,,,,
The Book of Pook,Pook,,,,,,,
The Book of Swindles,Zhang Yingyu,,,,,,,
The Book of Tea,Kakuzo Okakura,,,,,,,
The Book of the City of Ladies,Christine de Pizan,,,,,,,
The Book of the Courtier,Baldassare Castiglione,,,,,,,
The Book of Three,Lloyd Alexander,,,,,,,
The Book on Rental Property Investing,Brandon Turner,,,,,,,
The Bourne Identity,Robert Ludlum,,,,,,,
The Boxcar Children,Gertrude Chandler Warner,,,,,,,
The Boys of Summer,Roger Kahn,,,,,,,
The Bridge of San Luis Rey,Thornton Wilder,,,,,,,
The Brief Wondrous Life of Oscar Wao,Junot Diaz,,,,,,,
The Brothers Karamozov,Fyodor Dostoyevsky,,,,,,,
The Call of Cthulhu,H.P. Lovecraft,,,,,,,
The Call of the Wild,Jack London,,,,,,,
The Cannabis Dictionary,Alex Halperin,,,,,,,
The Canterbury Tales,Geoffrey Chaucer,,,,,,,
The Captive,Marcel Proust,,,,,,,
The Case of Charles Dexter Ward,H. P. Lovecraft,,,,,,,
The Castle,Franz Kafka,,,,,,,
The Challenger Sale,Matthew Dixon,,,,,,,
The Chaneysville Incident,David Bradley,,,,,,,
The Charisma Myth,Olivia Fox Cabane,,,,,,,
The Chemical History of a Candle,Michael Faraday,,,,,,,
The Cherry Orchard,Anton Chekhov,,,,,,,
The Children of Húrin,J.R.R. Tolkien,,,,,,,
The Civil War,Shelby Foote,,,,,,,
The Civilization of the Renaissance in Italy,Jacob Burckhardt,,,,,,,
The Clouds,Aristophanes,,,,,,,
The Collected Ghost Stories of M. R. James,M. R. James,,,,,,,
The Collected Stories,Isaac Bashevis Singer,,,,,,,
The Collected Stories,William Trevor,,,,,,,
The Collected Stories of Eudora Welty,Eudora Welty,,,,,,,
The Collected Stories of Katherine Anne Porter,Katherine Anne Porter,,,,,,,
The Color Purple,Alice Walker,,,,,,,
The Coming Jobs War,Jim Clifton,,,,,,,
The Coming of Age,Simone De Beauvoir,,,,,,,
The Common Reader,Virginia Woolf,,,,,,,
The Compleat Angler,Izaak Walton,,,,,,,
The Complete Maus,Art Spiegelman,,,,,,,
The Complete Memoirs of George Sherston,Siegfried Sassoon,,,,,,,
The Complete Persepolis,Marjane Satrapi,,,,,,,
"The Complete Poems, 1927–1979",Elizabeth Bishop,,,,,,,
The Complete Sherlock Holmes,Sir Arthur Conan Doyle,,,,,,,
The Complete Stories,Flannery O'Connor,,,,,,,
The Complete Stories,Franz Kafka,,,,,,,
The Complete War Memoirs of Charles de Gaulle,Charles de Gaulle,,,,,,,
The Concept of Law,H.L.A. Hart,,,,,,,
The Confessions,Jean-Jacques Rousseau,,,,,,,
The Confidence Gap,Russ Harris,,,,,,,
The Conspiracy Against the Human Race,Thomas Ligotti,,,,,,,
The Corrections,Jonathan Franzen,,,,,,,
The Cosmic Code,Heinz R. Pagels,,,,,,,
The Count of Monte Cristo,Alexandre Dumas,,,,,,,
The Crying of Lot 49,Thomas Pynchon,,,,,,,
The Culture of Critique,Kevin B. MacDonald,,,,,,,
The Cyberiad,Stanislaw Lem,,,,,,,
The Da Vinci Code,Dan Brown,,,,,,,
The Daughter of Time,Josephine Tey,,,,,,,
The Day of the Jackal,Frederick Forsyth,,,,,,,
The Day of the Triffids,John Wyndham,,,,,,,
The Dead of the House,Hannah Green,,,,,,,
The Death and Life of Great American Cities,Jane Jacobs,,,,,,,
The Death of Ivan Ilyich,Leo Tolstoy,,,,,,,
The Death of the Heart,Elizabeth Bowen,,,,,,,
The Decameron,Giovanni Boccaccio      ,,,,,,,
The Decline and Fall of Practically Everybody,Will Cuppy,,,,,,,
The Decline of the West,Oswald Spengler,,,,,,,
The Deer and the Cauldron,Jin Yong,,,,,,,
The Destruction of Lord Raglan,Christopher Hibbert,,,,,,,
The DevOps Handbook,Gene Kim,,,,,,,
The Dew Breaker,Edwidge Danticat,,,,,,,
The Diary of a Country Priest,Georges Bernanos,,,,,,,
The Diary of a Young Girl,Anne Frank,,,,,,,
The Diary of Samuel Pepys,Samuel Pepys,,,,,,,
The Dichotomy of Leadership,Jocko Willink,,,,,,,
The Dip,Seth Godin,,,,,,,
The Divine Comedy,Dante Alighieri,,,,,,,
The Double Helix,James D. Watson,,,,,,,
The Dragons of Eden,Carl Sagan,,,,,,,
The Drowned World,J. G. Ballard,,,,,,,
The Dwarf,Pär Lagerkvist,,,,,,,
The Dying Earth,Jack Vance,,,,,,,
The E-Myth Revisited,Michael E. Gerber,,,,,,,
The Education of Henry Adams,Henry Adams,,,,,,,
The Ego and Its Own ,Max Stirner,,,,,,,
The Eighteenth Brumaire of Louis Bonaparte,Karl Marx,,,,,,,
The Element of Lavishness,Sylvia Townsend Warner and William Maxwell,,,,,,,
The Elementary Particles,Michel Houellebecq,,,,,,,
The Emigrants,W. G. Sebald,,,,,,,
The Emperor of All Maladies,Siddhartha Mukherjee,,,,,,,
The Emperor’s Last Island,Julia Blackburn,,,,,,,
The End of Alzheimer’s Program,"Dale E. Bredesen, MD",,,,,,,
The End of the Affair,Graham Greene,,,,,,,
The Epic of Gilgamesh,,,,,,,,
The Essential Haiku,Robert Hass,,,,,,,
The Executioner’s Song,Norman Mailer,,,,,,,
The Expedition of Humphry Clinker,Tobias Smollett,,,,,,,
The Eye in the Door,Pat Barker,,,,,,,
The Eye in the Pyramid,Robert Shea,,,,,,,
The Face of Battle,John Keegan,,,,,,,
The Faerie Queene,Edmund Spenser,,,,,,,
The Fall,Albert Camus,,,,,,,
The Fall into Time,Emil M. Cioran,,,,,,,
The Fall of the House of Usher,Edgar Allan Poe,,,,,,,
The Famished Road,Ben Okri,,,,,,,
The Fatal Shore,Robert Hughes,,,,,,,
The Fearless Organization,Amy C. Edmondson,,,,,,,
The Feast of Love,Charles Baxter,,,,,,,
The Feast of the Goat,Mario Vargas Llosa,,,,,,,
The Feeling Good Handbook,David D. Burns,,,,,,,
The Feminine Mystique,Betty Friedan,,,,,,,
The Firm,John Grisham,,,,,,,
The First Day on the Somme,Martin Middlebrook,,,,,,,
The First Man,Albert Camus,,,,,,,
The Flowers of Evil,Charles Baudelaire,,,,,,,
The Fountainhead,Ayn Rand,,,,,,,
The Freelancer’s Bible,Sara Horowitz,,,,,,,
The French Lieutenant’s Woman,John Fowles,,,,,,,
The Fringes of Power,John Colville,,,,,,,
The Fugitive,Marcel Proust,,,,,,,
The Game of Kings,Dorothy Dunnett,,,,,,,
The Gay Science,Friedrich Nietzsche,,,,,,,
The Gentleman in Trollope,Shirley Robin Letwin,,,,,,,
The Geography of the Imagination,Guy Davenport,,,,,,,
The Ghost Road,Pat Barker,,,,,,,
The Ghost Writer,Philip Roth,,,,,,,
The Gift of Fear,Gavin de Becker,,,,,,,
The Giver,Lois Lowry,,,,,,,
The Glass Bead Game,Hermann Hesse,,,,,,,
The Glass Palace,Amitav Ghosh,,,,,,,
The Gnostic Gospels,Elaine Pagels,,,,,,,
The Goal,Eliyahu M. Goldratt,,,,,,,
The God of Small Things,Arundhati Roy,,,,,,,
The Golden Compass,Philip Pullman,,,,,,,
The Golden Gate,Vikram Seth,,,,,,,
The Golden Notebook,Doris Lessing,,,,,,,
The Goncourt Journal,Edmond de Goncourt,,,,,,,
The Good Earth,Pearl S. Buck,,,,,,,
The Good Soldier,Ford Madox Ford,,,,,,,
The Grapes of Wrath,John Steinbeck,,,,,,,
The Grass Is Singing,Doris Lessing,,,,,,,
"The Great Crash, 1929",John Kenneth Galbraith,,,,,,,
The Great Gatsby,F. Scott Fitzgerald,,,,,,,
The Great Good Thing,Roderick Townley,,,,,,,
The Great Railway Bazaar,Paul Theroux,,,,,,,
The Greatest Minds and Ideas of All Time,Will Durant,,,,,,,
The Greatest Salesman in the World,Og Mandino,,,,,,,
The Greek Passion,Nikos Kazantzakis,,,,,,,
The Guermantes Way,Marcel Proust,,,,,,,
The Gulag Archipelago 1918–1956,Aleksandr Solzhenitsyn,,,,,,,
The Guns of August,Barbara W. Tuchman,,,,,,,
The Habit of Being,Flannery O'Connor,,,,,,,
The Haunted Bookshop,Christopher Morley,,,,,,,
The Haunting of Hill House,Shirley Jackson,,,,,,,
The Heart Is a Lonely Hunter,Carson McCullers,,,,,,,
The Hills is Lonely,Lillian Beckwith,,,,,,,
The Histories,Herodotus,,,,,,,
The Histories,Tacitus,,,,,,,
The History of the Decline and Fall of the Roman Empire,Edward Gibbon,,,,,,,
The History of the Peloponnesian War,Thucydides,,,,,,,
"The History of Tom Jones, a Foundling",Henry Fielding,,,,,,,
The Horse’s Mouth,Joyce Cary,,,,,,,
The Hot Rock,Donald E. Westlake,,,,,,,
The Hours,Michael Cunningham,,,,,,,
The House at Pooh Corner,A. A. Milne,,,,,,,
The House of Life,Mario Praz,,,,,,,
The House of the Spirits,Isabel Allende,,,,,,,
The Hunger Angel,Herta Mùller,,,,,,,
The Hunger Games,Suzanne Collins,,,,,,,
The Hunt for Red October,Tom Clancy,,,,,,,
The Icarus Deception,Seth Godin,,,,,,,
The Ideological Origins of the American Revolution,Bernard Bailyn,,,,,,,
The Idiot,Fyodor Dostoyevsky,,,,,,,
The Iliad,Homer,,,,,,,
The Immense Journey,Loren Eiseley,,,,,,,
The Immortal Life of Henrietta Lacks,Rebecca Skloot,,,,,,,
The Importance of Being Earnest,Oscar Wilde,,,,,,,
The Infatuations,Javier Maróas,,,,,,,
The Innovator's Dilemma,Clayton M. Christensen,,,,,,,
The Innovator's Mindset,George Couros,,,,,,,
The Innovators,Walter Isaacson,,,,,,,
The Insulted and Humiliated,Fyodor Dostoyevsky,,,,,,,
The International Jew,Henry Ford,,,,,,,
The Interpretation of Dreams,Sigmund Freud,,,,,,,
The Invention of Nature,Andrea Wulf,,,,,,,
The Invisible Man,H. G. Wells,,,,,,,
The Irresistible Consultant's Guide to Winning Clients,David A. Fields,,,,,,,
The Israel Lobby and U.S. Foreign Policy,John J. Mearsheimer,,,,,,,
The Journal of a Disappointed Man,W. N. P. Barbellion,,,,,,,
The Journals of Lewis and Clark,Meriwether Lewis and William Clark,,,,,,,
The Joy Luck Club,Amy Tan,,,,,,,
The Killer Angels,Michael Shaara,,,,,,,
The Kinfolk Entrepreneur,Nathan Williams,,,,,,,
The Language of Letting Go,Melody Beattie,,,,,,,
The Last Lecture,Randy Pausch,,,,,,,
The Last of the Just,André Schwarz-Bart,,,,,,,
The Last of the Mohicans,James Fenimore Cooper,,,,,,,
The Laws of Human Nature,Robert Greene,,,,,,,
The Lean Startup,Eric Ries,,,,,,,
The Left Hand of Darkness,Ursula K. Le Guin,,,,,,,
The Leopard,Giuseppe Tomasi di Lampedusa,,,,,,,
The Lessons of History,Will Durant,,,,,,,
The Letters of Vincent van Gogh,Vincent van Gogh,,,,,,,
The Liars’ Club,Mary Karr,,,,,,,
The Life and Adventures of Nicholas Nickleby,Charles Dickens,,,,,,,
"The Life and Opinions of Tristram Shandy, Gentleman",Laurence Sterne,,,,,,,
The Life of Samuel Johnson,James Boswell,,,,,,,
The Life-Changing Magic of Tidying Up,Marie Kondō,,,,,,,
The Lime Twig,John Hawkes,,,,,,,
The List of Books,Frederic Raphael and Kenneth McLeish,,,,,,,
The Little Black Book of Human Resources Management,Barry Wolfe,,,,,,,
The Little Book of Speaking Up,Jutta Ritschel,,,,,,,
The Little Prince,Antoine de Saint-Exupéry,,,,,,,
The Little Red Book of Selling,Jeffrey Gitomer,,,,,,,
The Little Red Chairs,Edna O’Brien,,,,,,,
The Little Virtues,Natalia Ginzburg,,,,,,,
The Little World of Don Camillo,Giovanni Guareschi,,,,,,,
The lives and Times of Archy and Mehitabel,Don Marquis,,,,,,,
The Lives of a Cell,Lewis Thomas,,,,,,,
The Living Thoughts of Kierkegaard,Søren Kierkegaard,,,,,,,
The Long Loneliness,Dorothy Day,,,,,,,
The Long Walk,Slavomir Rawicz,,,,,,,
The Longest Day,Cornelius Ryan,,,,,,,
The Loved One,Evelyn Waugh,,,,,,,
The Lyttelton Hart-Davis Letters,George Lyttelton and Rupert Hart-Davis,,,,,,,
The Magic Mountain,Thomas Mann,,,,,,,
The Magic of Thinking Big,David J. Schwartz,,,,,,,
The Major Works,Sir Thomas Browne,,,,,,,
The Making of the President 1960,Theodore H. White,,,,,,,
The Makioka Sisters,Jun'ichirō Tanizaki,,,,,,,
The Maltese Falcon,Dashiell Hammett,,,,,,,
The Man in the High Castle,Philip K. Dick,,,,,,,
The Man Who Loved Children,Christina Stead,,,,,,,
The Man Who Mistook His Wife for a Hat,Oliver Sacks,,,,,,,
The Man Who Solved the Market,Gregory Zuckerman,,,,,,,
The Man Who Was Thursday,G. K. Chesterton,,,,,,,
The Man Without Qualities,Robert Musil,,,,,,,
The Manticore,Robertson Davies,,,,,,,
The Maples Stories,John Updike,,,,,,,
The Marriage of Cadmus and Harmony,Roberto Calasso,,,,,,,
The Master and Margarita,Mikhail Bulgakov,,,,,,,
The Master of Go,Yasunari Kawabata,,,,,,,
The Medical Detectives,Berton Roueché,,,,,,,
The Mediterranean and the Mediterranean World in the Age of Philip II,Fernand Braudel,,,,,,,
The Memoirs of Hector Berlioz,Hector Berlioz,,,,,,,
The Metamorphosis,Franz Kafka,,,,,,,
The Metaphysical Club,Louis Menand,,,,,,,
The Mezzanine,Nicholson Baker,,,,,,,
The Millionaire Next Door,"Thomas J. Stanley Ph.D., William D. Danko Ph.D.",,,,,,,
The Mind Gym,Various,,,,,,,
The Monk and the Riddle,Randy Komisar,,,,,,,
The Moonstone,Wilkie Collins,,,,,,,
The Mouse and His Child,Russell Hoban,,,,,,,
The Moving Toyshop,Edmund Crispin,,,,,,,
The Murder of Roger Ackroyd,Agatha Christie,,,,,,,
The Myth of Male Power,Warren Farrell,,,,,,,
The Name of the Rose,Umberto Eco,,,,,,,
The Narcissist Next Door,Jeffrey Kluger,,,,,,,
The Narrow Road to the Deep North,Matsuo Bashō,,,,,,,
The Neapolitan Novels,Elena Ferrante,,,,,,,
The Nicomachean Ethics,Aristotle,,,,,,,
The Nuclear Effect,Scott Oldford,,,,,,,
The Obstacle Is the Way,Ryan Holiday,,,,,,,
The Odes of Horace,Horace,,,,,,,
The Odyssey,Homer,,,,,,,
The Official CIA Manual of Trickery and Deception,H. Kieth Melton,,,,,,,
The Old Man and the Sea,Ernest Hemingway,,,,,,,
The Oldest Dead White European Males,Bernard Knox,,,,,,,
The Once and Future King,T. H. White,,,,,,,
The One Thing,Marci Lyn Curtis,,,,,,,
The Only Living Witness,Stephen G. Michaud,,,,,,,
The Opposing Shore,Julien Gracq,,,,,,,
The Oresteia,Aeschylus,,,,,,,
The Origin of Consciousness in the Breakdown of the Bicameral Mind,Julian Jaynes,,,,,,,
"The Origins of European Thought About the Body, the Mind, the Soul, the World, Time, and Fate",R. B. Onians,,,,,,,
The Outermost House,Henry Beston,,,,,,,
The Pale King,David Foster Wallace,,,,,,,
The Panda’s Thumb,Stephen Jay Gould,,,,,,,
The Passage of Power,Robert A. Caro,,,,,,,
The Path to Power,Robert A. Caro,,,,,,,
The Perfect Stranger,P. J. Kavanagh,,,,,,,
The Personal MBA,Josh Kaufman,,,,,,,
The Phantom of the Opera,Gaston Leroux,,,,,,,
The Phantom Tollbooth,Norton Juster,,,,,,,
The Physiology of Taste,Jean Anthelme Brillat-Savarin,,,,,,,
The Piano Shop on the Left Bank,Thad Carhart,,,,,,,
The Piazza Tales,Herman Melville,,,,,,,
The Picture of Dorian Gray,Oscar Wilde,,,,,,,
The Pillow Book of Sei Shōnagon,Sei Shōnagon,,,,,,,
The Plague,Albert Camus,,,,,,,
The Poems of Catullus,Gaius Valerius Catullus,,,,,,,
The Poetics of Space,Gaston Bachelard,,,,,,,
The Poetry of Gerard Manley Hopkins,Gerard Manley Hopkins,,,,,,,
The Poetry of Robert Frost,Robert Frost,,,,,,,
The Poisonwood Bible,Barbara Kingsolver,,,,,,,
The Portable Dorothy Parker,Dorothy Parker,,,,,,,
The Portrait of a Lady,Henry James,,,,,,,
The Post-American World,Fareed Zakaria,,,,,,,
The Posthumous Memoirs of Brás Cubas,Machado de Assis,,,,,,,
The Pound Era,Hugh Kenner,,,,,,,
The Power and the Glory,Graham Greene,,,,,,,
The Power Broker,Robert A. Caro,,,,,,,
The Power of Now,Eckhart Tolle,,,,,,,
The Power of Positive Dog Training,Pat Miller,,,,,,,
The Power of Voice,Denise Woods,,,,,,,
The Pragmatic Programmer,Andy Hunt,,,,,,,
The Prelude and Other Poetry,William Wordsworth,,,,,,,
The Prince,Niccolò Machiavelli,,,,,,,
The Princess of Clèves,Madame de Lafayette,,,,,,,
The Private Memoirs and Confessions of a Justified Sinner,James Hogg,,,,,,,
The Psychology of Selling,Brian Tracy,,,,,,,
The Pursuit of Love,Nancy Mitford,,,,,,,
The Quest for Corvo,A. J. A. Symons,,,,,,,
The Qur’an,,,,,,,,
The Rainbabies,Laura Krauss,,,,,,,
The Rational Male,Rollo Tomassi,,,,,,,
The Reckoning,Charles Nicholl,,,,,,,
The Recognitions,William Gaddis,,,,,,,
The Red and the Black,Stendhal,,,,,,,
The Red Badge of Courage,Stephen Crane,,,,,,,
The Remains of the Day,Kazuo Ishiguro,,,,,,,
The Republic,Plato,,,,,,,
The Riddle of the Sands,Erskine Childers,,,,,,,
The Ride of a Lifetime,Robert Iger,,,,,,,
The Rings of Saturn,W.G. Sebald,,,,,,,
The Rise of Theodore Roosevelt,Edmund Morris,,,,,,,
The Road,Cormac McCarthy,,,,,,,
The Road from Coorain,Jill Ker Conway,,,,,,,
The Road to Serfdom,Friedrich A. Hayek,,,,,,,
The Road to Serfdom,William Hughes,,,,,,,
The Roots of Civilization,Alexander Marshack,,,,,,,
The Sagas of Icelanders,,,,,,,,
The Sailor Who Fell from Grace with the Sea,Yukio Mishima,,,,,,,
The Sales Acceleration Formula,Mark Roberge,,,,,,,
The Sales Bible,Jeffrey Gitomer,,,,,,,
The Sales Development Playbook,Trish Bertuzzi,,,,,,,
The Sandler Rules,David Mattson,,,,,,,
The Savage Detectives,Roberto Bolaño,,,,,,,
The Scarlet Letter,Nathaniel Hawthorne,,,,,,,
The Science of Information: From Language to Black Holes,Benjamin Schumacher,,,,,,,
The Science of Military Strategy,PLA,,,,,,,
The Sea and the Jungle,H. M. Tomlinson,,,,,,,
The Sea of Fertility,Yukio Mishima,,,,,,,
"The Sea, the Sea",Iris Murdoch,,,,,,,
The Seagull,Anton Chekhov,,,,,,,
The Second Sex,Simone De Beauvoir,,,,,,,
The Secret Garden,Frances Hodgson Burnett,,,,,,,
The Secret History,Donna Tartt,,,,,,,
The Secret of the Old Clock,Carolyn Keene,,,,,,,
The Selected Letters of William James,William James,,,,,,,
The Selfish Gene,Richard Dawkins,,,,,,,
The Seven Storey Mountain,Thomas Merton,,,,,,,
The Shadow of the Torturer,Gene Wolfe,,,,,,,
The Sheltering Sky,Paul Bowles,,,,,,,
The Silence of the Lambs,Thomas Harris,,,,,,,
The Silmarillion,J.R.R. Tolkien,,,,,,,
The Sirens of Titan,Kurt Vonnegut Jr.,,,,,,,
The Society of the Spectacle,Guy Debord,,,,,,,
The Songlines,Bruce Chatwin,,,,,,,
The Sonnets,William Shakespeare,,,,,,,
The Sorrows of Young Werther,Johann Wolfgang von Goethe,,,,,,,
The Sot-Weed Factor,John Barth,,,,,,,
The Souls of Black Folk,W. E. B. Du Bois,,,,,,,
The Sound and the Fury,William Faulkner,,,,,,,
The Spare Room,Helen Garner,,,,,,,
The Spirit Catches You and You Fall Down,Anne Fadiman,,,,,,,
The Spirituality of Imperfection,Ernest Kurtz,,,,,,,
The Spy Who Came In from the Cold,John le Carré,,,,,,,
The Stars My Destination,Alfred Bester,,,,,,,
The Stone Diaries,Carol Shields,,,,,,,
The Stones of Venice,John Ruskin,,,,,,,
The Stories of John Cheever,John Cheever,,,,,,,
The Story of a New Name,Elena Ferrante,,,,,,,
The Story of Babar,Jean de Brunhoff,,,,,,,
The Story of My Life,Helen Keller,,,,,,,
The Story of My Teeth,Valeria Luiselli,,,,,,,
The Story of the Lost Child,Elena Ferrante,,,,,,,
The Strange Case of Dr. Jekyll and Mr. Hyde,Robert Louis Stevenson,,,,,,,
The Stranger,Albert Camus,,,,,,,
The Stranger Beside Me,Ann Rule,,,,,,,
The Structure of Scientific Revolutions,Thomas S. Kuhn,,,,,,,
The Sun Also Rises,Ernest Hemingway,,,,,,,
The Surprise of Cremona,Edith Templeton,,,,,,,
The Sweet Hereafter,Russell Banks,,,,,,,
The Tale of Genji,Lady Murasaki Shikibu,,,,,,,
The Talented Mr. Ripley,Patricia Highsmith,,,,,,,
The Tartar Steppe,Dino Buzzati,,,,,,,
The Tempest,William Shakespeare,,,,,,,
The Temple of the Golden Pavilion,Yukio Mishima,,,,,,,
The Theory of Everything,Stephen Hawking,,,,,,,
The Things They Carried,Tim O’Brien,,,,,,,
The Third Man,Graham Greene,,,,,,,
The Thirty-Nine Steps,John Buchan,,,,,,,
The Three Golden Keys,Peter Sís,,,,,,,
The Three Musketeers,Alexandre Dumas,,,,,,,
The Three Stigmata of Palmer Eldritch,Philip K. Dick,,,,,,,
The Three-Body Problem,Liu Cixin,,,,,,,
The Thurber Carnival,James Thurber,,,,,,,
The Tin Drum,Günter Grass,,,,,,,
The Total Money Makeover,Dave Ramsey,,,,,,,
The Towers of Trebizond,Rose Macaulay,,,,,,,
The Travels of Marco Polo,Marco Polo,,,,,,,
The Trial,Franz Kafka,,,,,,,
The Trojan Women,Euripides,,,,,,,
The Tunnel,William H. Gass,,,,,,,
The Tuscan Year,Elizabeth Romer,,,,,,,
The Twelve Caesars,Suetonius,,,,,,,
The Unbearable Lightness of Being,Milan Kundera,,,,,,,
The Uncommon Reader,Alan Bennett,,,,,,,
The Unconsoled,Kazuo Ishiguro,,,,,,,
The Underground Railroad,Colson Whitehead,,,,,,,
The Undertaking,Thomas Lynch,,,,,,,
The Unicorn Project,Gene Kim,,,,,,,
The Utility of Force,General Sir Rupert Smith,,,,,,,
The Valleys of the Assassins,Freya Stark,,,,,,,
The Varieties of Religious Experience,William James,,,,,,,
The Village of Waiting,George Packer,,,,,,,
The Virgin Suicides,Jeffrey Eugenides,,,,,,,
The Voices of Silence,André Malraux,,,,,,,
The Voyage of the Beagle,Charles Darwin,,,,,,,
The Voyages of Doctor Dolittle,Hugh Lofting,,,,,,,
The Walls Came Tumbling Down,Henriette Roosenburg,,,,,,,
The War of Art,Steven Pressfield,,,,,,,
The Warden,Anthony Trollope,,,,,,,
The Wasp Factory,Iain Banks,,,,,,,
The Waste Land,T.S. Eliot,,,,,,,
The Waves,Virginia Woolf,,,,,,,
The Way of All Flesh,Samuel Butler,,,,,,,
The Way of the Samurai,Inazo Nitobe,,,,,,,
The Way of the Superior Man,David Deida,,,,,,,
The Way Things Are,Lucretius,,,,,,,
The Wicked Pavilion,Dawn Powell,,,,,,,
The Wild Ass’s Skin,Honoré De Balzac,,,,,,,
The Wilder Shores of Love,Lesley Blanch,,,,,,,
The Wind in the Willows,Kenneth Grahame,,,,,,,
The Wind-Up Bird Chronicle,Haruki Murakami,,,,,,,
The Women of Brewster Place,Gloria Naylor,,,,,,,
The Wonderful Wizard of Oz,L. Frank Baum,,,,,,,
The World According to Garp,John Irving,,,,,,,
The World As I Found It,Bruce Duffy,,,,,,,
The World of Peter Rabbit,Beatrix Potter,,,,,,,
The Worm Forgives the Plough,John Stewart Collis,,,,,,,
The Worm Ouroboros,E. R. Eddison,,,,,,,
The Worst Journey in the World,Apsley Cherry-Garrard,,,,,,,
The Year of Magical Thinking,Joan Didion,,,,,,,
The Years of Lyndon Johnson,Robert A. Caro,,,,,,,
The Young Hitler I Knew,August Kubizek,,,,,,,
Their Eyes Were Watching God,Zora Neale Hurston,,,,,,,
Their Finest Hour,Winston Churchill,,,,,,,
There Is a World Elsewhere,F. González-Crussi,,,,,,,
Things Fall Apart,Chinua Achebe,,,,,,,
Think and Grow Rich,Napoleon Hill,,,,,,,
Think Like a Monk,Jay Shetty,,,,,,,
Think Like Amazon,John Rossman,,,,,,,
"Thinking, Fast and Slow",Daniel Kahneman,,,,,,,
This Business Has Legs,Peter Bieler,,,,,,,
This House of Sky,Ivan Doig,,,,,,,
This Is How You Pitch,Ed Zitron,,,,,,,
This Naked Mind,Annie Grace,,,,,,,
This One Summer,Mariko Tamaki and Jillian Tamaki,,,,,,,
Those Guys Have All the Fun,James Andrew Miller,,,,,,,
Those Who Leave and Those Who Stay,Elena Ferrante,,,,,,,
Three Sisters,Anton Chekhov,,,,,,,
Through the Looking-Glass,Lewis Carroll,,,,,,,
Thus Spoke Zarathustra,Friedrich Nietzsche,,,,,,,
Time and Again,Jack Finney,,,,,,,
Time and the Art of Living,Robert Grudin,,,,,,,
Time Regained,Marcel Proust,,,,,,,
Titus Alon,Mervyn Peake,,,,,,,
Titus Groan,Mervyn Peake,,,,,,,
To Kill a Mockingbird,Harper Lee,,,,,,,
To Sleep in a Sea of Stars,Christopher Paolini,,,,,,,
To the Lighthouse,Virginia Woolf,,,,,,,
Tools of Titans,Timothy Ferriss,,,,,,,
Topper,Thorne Smith,,,,,,,
Torregreca,Ann Cornelisen,,,,,,,
Tracks,Robyn Davidson,,,,,,,
Training the Mind,Chögyam Trungpa,,,,,,,
Training the Samurai Mind,Thomas Cleary,,,,,,,
Travels with Charley,John Steinbeck,,,,,,,
Travels with Lizbeth,Lars Eighner,,,,,,,
Treasure Island,Robert Louis Stevenson,,,,,,,
Tribes,Seth Godin,,,,,,,
Tristes Tropiques,Claude Lévi-Strauss,,,,,,,
Tropic of Cancer,Henry Miller,,,,,,,
True History of the Kelly Gang,Peter Carey,,,,,,,
Truman,David McCullough,,,,,,,
Trump,Donald J. Trump,,,,,,,
"Trust Me, I'm Lying",Ryan Holiday,,,,,,,
Tuck Everlasting,Natalie Babbitt,,,,,,,
Twenty Thousand Leagues Under the Sea,Jules Verne,,,,,,,
Twilight of the Idols / The Anti-Christ,Friedrich Nietzsche,,,,,,,
Two Sought Adventure,Fritz Leiber,,,,,,,
Ubik,Philip K. Dick,,,,,,,
Ulysses,James Joyce,,,,,,,
Uncle Vanya,Anton Chekhov,,,,,,,
Uncopyable,Steve Miller,,,,,,,
Under the Volcano,Malcolm Lowry,,,,,,,
Understanding Exposure,Bryan Peterson,,,,,,,
Understanding Portrait Photography,Bryan Peterson,,,,,,,
Unfu*k Yourself,Gary John Bishop,,,,,,,
Unlimited Memory,Kevin Horsley,,,,,,,
Up from Slavery,Booker T. Washington,,,,,,,
Up in the Old Hotel,Joseph Mitchell,,,,,,,
V.,Thomas Pynchon,,,,,,,
Vacuum Diagrams,Stephen Baxter,,,,,,,
Vagabonding,Rolf Potts,,,,,,,
VALIS,Philip K. Dick,,,,,,,
Vanity Fair,William Makepeace Thackeray,,,,,,,
Venice for Pleasure,J. G. Links,,,,,,,
Verbal Judo,George J. Thompson,,,,,,,
Village School,Miss Read,,,,,,,
Voices from Chernobyl,Svetlana Alexievich,,,,,,,
Voices of the Old Sea,Norman Lewis,,,,,,,
Waiting for Godot,Samuel Beckett,,,,,,,
Walden,Henry David Thoreau,,,,,,,
Walt Disney,Neal Gabler,,,,,,,
War and Peace,Leo Tolstoy,,,,,,,
War in Val D’Orcia,Iris Origo,,,,,,,
Watership Down,Richard  Adams,,,,,,,
Way of the Wolf,Jordan Belfort,,,,,,,
We Die Alone,David Howarth,,,,,,,
We Will Not be Silenced,Erwin W. Lutzer,,,,,,,
West with the Night,Beryl Markham,,,,,,,
When French Women Cook,Madeleine Kamman,,,,,,,
Where the Wild Things Are,Maurice Sendak,,,,,,,
Whisky Galore,Compton Mackenzie,,,,,,,
White Noise,Don DeLillo,,,,,,,
White Teeth,Zadie Smith,,,,,,,
Who’s Afraid of Virginia Woolf?,Edward Albee,,,,,,,
Why We Can’t Wait,Martin Luther King Jr.,,,,,,,
Wide Sargasso Sea,Jean Rhys,,,,,,,
Willpower,Roy F. Baumeister,,,,,,,
"Winesburg, Ohio",Sherwood Anderson,,,,,,,
Winnie-the-Pooh,A. A. Milne,,,,,,,
Winter’s Tales,Isak Dinesen,,,,,,,
Within a Budding Grove,Marcel Proust,,,,,,,
Within the Context of No Context,George W. S. Trow,,,,,,,
Within This Wilderness,Feenie Ziner,,,,,,,
Women and Men,Joseph McElroy,,,,,,,
Work the System,Sam Carpenter,,,,,,,
World of Our Fathers,Irving Howe,,,,,,,
World of Wonders,Robertson Davies,,,,,,,
Writing Down the Bones,Natalie Goldberg,,,,,,,
Writing Great Fiction,James Hynes,,,,,,,
Writing Tools,Roy Peter Clark,,,,,,,
Wuthering Heights,Emily Brontë,,,,,,,
You Are Not So Smart,David McRaney,,,,,,,
You Are Now Less Dumb,David McRaney,,,,,,,
You Need a Budget,Jesse Mecham,,,,,,,
Zen and the Art of Motorcycle Maintenance,Robert M. Pirsig,,,,,,,
Zen in the Art of Archery,Eugen Herrigel,,,,,,,
"Zen Mind, Beginner's Mind",Shunryu Suzuki,,,,,,,
Zen: The Art of Simple Living,Shunmyō Masuno,,,,,,,
Zeno’s Conscience,Italo Svevo,,,,,,,
Zibaldone,Giacomo Leopardi,,,,,,,
Zoom at Sea,Tim Wynne-Jones,,,,,,,
Zoom Away,Tim Wynne-Jones,,,,,,,
Zoom Upstream,Tim Wynne-Jones,,,,,,,
