title,imdb,releaseDate,lastWatched,watched,favorite,notes
12 Angry Men,tt0050083,1957,,YES,YES,
1984,tt0087803,,10/27/2021,YES,YES,
2001: A Space Odyssey,tt0062622,1968,,YES,YES,
9,tt0472033,2009,,YES,YES,
A Bug's Life,tt0120623,1998,,YES,YES,
A Christmas Story,tt0085334,1983,,YES,YES,
A Clockwork Orange,tt0066921,1971,,YES,YES,
A Few Good Men,tt0104257,1992,,YES,YES,
A Fistful of Dollars,tt0058461,1964,,YES,YES,
A Goofy Movie,tt0113198,1995,,YES,YES,Fantastic animation and a solid alternate Disney classic.
An Extremely Goofy Movie,tt0208185,2000,,YES,NO,
A History of Violence,tt0399146,2005,,YES,YES,
A Nightmare on Elm Street,tt0087800,1984,,YES,YES,
A Perfect World,tt0107808,1993,,YES,YES,
A Silent Voice,,2016,,YES,YES,
A Star Is Born,,1954,,YES,YES,
A Star Is Born,,2018,,YES,YES,
A Trip to the Moon,,1902,,YES,YES,
A.I. Artificial Intelligence,,2001,,YES,YES,Do you want to cry? Then this movie is for you.
Akira,,1988,,YES,YES,One of the highest budget Japanese animated movies of all time. A classic that has influenced thousands of films and anime. A must watch even if you are not an anime fan.
Aladdin,,,10/24/2021,YES,YES,
Aladdin and the King of Thieves,,,10/25/2021,YES,NO,
Aladdin: The Return of Jafar,,,10/25/2021,YES,NO,
Alice in Wonderland,,1951,12/19/2021,YES,YES,
Alien,,1979,,YES,YES,"I don’t know how the public came to the conclusion that there are, “no strong female leads anywhere.”

Bruh. Here’s one for you."
Aliens,,1986,,YES,YES,
Alive,,1993,,YES,YES,
All About Eve,,1950,,YES,YES,
All Dogs Go to Heaven,,1989,,YES,YES,
All Quiet on the Western Front,,1930,,YES,YES,
Amadeus,,1984,,YES,YES,
Amélie,,2001,,YES,YES,
American Animals,,2018,,YES,YES,
American Beauty,,1999,,YES,YES,
American Gangster,,2007,,YES,YES,
American Psycho,,2000,,YES,YES,
American Sniper,,2014,,YES,YES,
American Splendor,,2003,02/10/2021,YES,YES,
An American Tail,,1986,,YES,YES,
An American Werewolf in London,,1981,,YES,YES,
An Officer and a Gentleman,,1982,,YES,YES,
Anchorman: The Legend of Ron Burgundy,,2004,,YES,YES,
Annihilation,,2018,,YES,YES,
Apocalypse Now Redux,,2001,,YES,YES,
Apocalypto,,2006,11/04/2021,YES,YES,
Appleseed Alpha,,2014,,YES,YES,
Army of Darkness,,1992,,YES,NO,
As Good as It Gets,,1997,,YES,YES,
Austin Powers in Goldmember,,2002,,YES,YES,
Austin Powers: International Man of Mystery,,1997,,YES,YES,
Austin Powers: The Spy Who Shagged Me,,1999,,YES,YES,
Avatar,,2009,,YES,YES,
Awakenings,,1990,,YES,YES,
Baby Driver,,2017,,YES,YES,
Back to the Future,,1985,,YES,YES,
Back to the Future Part II,,1989,,YES,YES,
Back to the Future Part III,,1990,,YES,YES,
Bad Lieutenant: Port of Call - New Orleans,,2009,,YES,YES,"I list it as a favorite because of how over-the-top it is. Now that I think about it, this scenario has probably happened in the NOPD."
Bambi,,1942,,YES,YES,
Barry Lyndon,,1975,,YES,YES,
Batman: Gotham Knight,,2008,,YES,YES,
Battle Angel,,1993,,YES,YES,
Battle Royale,,2000,,YES,YES,
Beetlejuice,,1988,,YES,YES,
Before Sunrise,,1995,,YES,YES,
Beverly Hills Cop,,1984,,YES,YES,
Bicentennial Man,,1999,,YES,YES,
Big,,1988,,YES,YES,
Big Fish,,2003,,YES,YES,
Big Trouble in Little China,,1986,,YES,YES,
Bill & Ted's Excellent Adventure,,1989,,YES,YES,
Birdman or (The Unexpected Virtue of Ignorance),,2014,,YES,YES,
Black Dynamite,,2009,,YES,YES,
Black Hawk Down,,2001,,YES,YES,
Black Swan,,2010,,YES,YES,
BlacKkKlansman,,2018,,YES,NO,
Blade Runner,,1982,,YES,YES,
Blade Runner 2049,,2017,,YES,YES,
Blood: The Last Vampire,,2000,,YES,YES,
Bloodsport,,1988,,YES,YES,
Blue Velvet,,1986,,YES,YES,
Borat: Cultural Learnings of America for Make Benefit Glorious Nation of Kazakhstan,,2006,,YES,YES,
Boyhood,,2014,,YES,YES,
Braveheart,,1995,,YES,YES,
Breakfast at Tiffany's,,1961,,YES,YES,
Bridge of Spies,,2015,,YES,YES,
Caddyshack,,1980,,YES,YES,
Captain Phillips,,2013,,YES,YES,
Casablanca,,1942,,YES,YES,
Casino,,1995,,YES,YES,
Cast Away,,2000,11/09/2021,YES,YES,
Castle in the Sky,,1986,,YES,YES,
Catch Me If You Can,,2002,,YES,YES,
Children of the Corn,,,10/26/2021,YES,YES,
Christine,,1983,,YES,YES,
Cinderella,,1950,,YES,YES,
Citizen Kane,,1941,,YES,YES,
Citizenfour,,2014,,YES,YES,A scarier and more down-to-earth version of the movie “Snowden”.
Clerks,,1994,,YES,YES,
Clerks II,,2006,,YES,NO,
Cobra,,1986,,YES,YES,
Come and See,,1985,,YES,YES,This movie made me feel not ok. Amazing. I r8 8/8.
Coming to America,,1988,,YES,YES,
Commando,,1985,,YES,YES,
Con Air,,1997,,YES,YES,
Constantine,,2005,,YES,YES,
Coraline,,2009,,YES,YES,
Crazy Rich Asians,,2018,,YES,NO,
Cube,,1997,,YES,YES,
Dark City,,1998,,YES,YES,
Das Boot,,1985,,YES,YES,
Dazed and Confused,,1993,,YES,YES,
Death Proof,,2007,,YES,YES,
Demolition Man,,1993,,YES,YES,
Dial M for Murder,,1954,,YES,YES,
Die Hard,,1988,,YES,YES,
Die Hard: With a Vengeance,,1995,,YES,YES,
Dirty Dancing,,1987,,YES,YES,
Dirty Harry,,1971,,YES,YES,
District 9,,2009,,YES,YES,
Django Unchained,,2012,,YES,YES,
DodgeBall: A True Underdog Story,,2004,,YES,YES,
Dog Day Afternoon,,1975,,YES,YES,
Don’t Look Under the Bed,,,10/24/2021,YES,NO,
Donnie Darko,,2001,,YES,YES,
Downfall,,2004,,YES,YES,
Dr. Strangelove or: How I Learned to Stop Worrying and Love the Bomb,,1964,,YES,YES,
Dragged Across Concrete,,2019,,YES,YES,
Drive,,2011,,YES,YES,
Dumbo,,1941,,YES,YES,
Dune,,1984,,YES,YES,
Dune,,2021,,YES,NO,
Dunkirk,,2017,,YES,YES,
E.T. the Extra-Terrestrial,,1982,,YES,NO,
Edge of Tomorrow,,2014,,YES,YES,
Edward Scissorhands,,1990,,YES,YES,
Elf,,2003,,YES,YES,
Encanto,,,12/26/2021,YES,NO,
End of Watch,,2012,,YES,YES,
Enter the Void,,2009,,YES,YES,
Equilibrium,,2002,,YES,YES,
Escape from New York,,1981,,YES,YES,
Eternal Sunshine of the Spotless Mind,,2004,,YES,YES,
EVANGELION:1.11 YOU ARE (NOT) ALONE,,,11/02/2021,YES,YES,
EVANGELION:2.22 YOU CAN (NOT) ADVANCE,,,11/02/2021,YES,YES,
EVANGELION:3.0+1.01 THRICE UPON A TIME,,,11/03/2021,YES,YES,
EVANGELION:3.33: YOU CAN (NOT) REDO,,,11/02/2021,YES,YES,
Eyes Wide Shut,,1999,,YES,YES,
Fantastic Mr. Fox,,2009,,YES,YES,
Fargo,,1996,,YES,YES,
Fast Times at Ridgemont High,,1982,,YES,YES,
Fear and Loathing in Las Vegas,,1998,,YES,YES,
Ferris Bueller's Day Off,,1986,,YES,YES,
Fight Club,,1999,11/14/2021,YES,YES,
Final Destination,,2000,,YES,YES,
First Blood,,1982,,YES,YES,
Five Easy Pieces,,1970,,YES,YES,
"Food, Inc.",,2008,,YES,YES,
Footloose,,1984,,YES,YES,
For a Few Dollars More,,1965,,YES,YES,
Forrest Gump,,1994,,YES,YES,
Four Lions,,2010,,YES,YES,
Frankenwienie,,,10/07/2021,YES,YES,
From Dusk Till Dawn,,1996,,YES,YES,
Full Metal Jacket,,1987,,YES,YES,
Fury,,2014,,YES,YES,
Gandhi,,1982,,YES,YES,
Gangs of New York,,2002,,YES,YES,
Ghost Dog: The Way of the Samurai,,1999,,YES,YES,
Ghost in the Shell,,1995,,YES,YES,
Ghost in the Shell 2: Innocence,,2004,,YES,YES,
Ghostbusters,,1984,,YES,YES,
Gladiator,,2000,,YES,YES,
Glengarry Glen Ross,,1992,,YES,YES,
"Good Morning, Vietnam",,1987,,YES,YES,
Good Will Hunting,,1997,,YES,YES,
GoodFellas,,1990,,YES,YES,
Gran Torino,,2008,,YES,YES,
Grave of the Fireflies,,1988,,YES,YES,
Gremlins,,1984,,YES,YES,
Gremlins 2: The New Batch,,1990,,YES,YES,
Groundhog Day,,1993,,YES,YES,
Hackers,,1995,,YES,YES,
Hacksaw Ridge,,2016,,YES,YES,
Harold & Kumar Go to White Castle,,2004,,YES,YES,
Heat,,1995,,YES,YES,The best heist/crime movie I have ever seen in my life. The shootout scene always puts goosebumps on my arms.
Hell or High Water,,2016,,YES,YES,
Hereditary,,2018,,YES,YES,
Highlander,,1986,,YES,YES,
Home Alone,,1990,12/25/2021,YES,YES,
Home Alone 2: Lost in New York,,1992,12/26/2021,YES,YES,
Hot Fuzz,,2007,,YES,YES,
Hot Rod,,2007,,YES,NO,
How to Train Your Dragon,,2010,,YES,YES,
Howl's Moving Castle,,2004,,YES,YES,
Idiocracy,,2006,,YES,YES,
In the Name of the Father,,1993,,YES,YES,
Inception,,2010,,YES,YES,
Incredibles 2,,2018,,YES,YES,
Independence Day,,1996,,YES,YES,
Indiana Jones and the Last Crusade,,1989,,YES,YES,
Indiana Jones and the Temple of Doom,,1984,,YES,YES,
Inglourious Basterds,,2009,,YES,YES,
Interstellar,,2014,,YES,YES,
Iron Man,,2008,,YES,YES,
Isle of Dogs,,2018,,YES,YES,
It's a Wonderful Life,,1946,,YES,YES,
Jackass Presents: Bad Grandpa,,2013,,YES,YES,
Jackie Brown,,1997,,YES,YES,
Jacob's Ladder,,1990,,YES,YES,
Jarhead,,2005,,YES,YES,
Jaws,,1975,,YES,YES,
Jiro Dreams of Sushi,,2011,,YES,YES,
John Wick,,2014,,YES,YES,
Joker,,2019,,YES,YES,
Jurassic Park,,1993,,YES,YES,
Kes,,1970,,YES,YES,One of the saddest movies I’ve ever seen. Amazing but a tear-jerker.
Kiki's Delivery Service,,1989,,YES,YES,
Kill Bill: Vol. 1,,2003,,YES,YES,
Kill Bill: Vol. 2,,2004,,YES,YES,
Kubo and the Two Strings,,2016,,YES,YES,
Kung Fu Hustle,,2004,,YES,YES,
Kung Fury,,2015,,YES,YES,
Labyrinth,,1986,,YES,YES,
Lady and the Tramp,,,10/28/2021,YES,YES,
Lady and the Tramp II: Samp’s Adventure,,,11/04/2021,YES,NO,
Lady Bird,,2017,,YES,YES,
Léon: The Professional,,1994,,YES,YES,
Lethal Weapon,,1987,,YES,YES,
Life of Brian,,1979,,YES,YES,
Life of Pi,,2012,,YES,YES,
Limitless,,2011,,YES,YES,
Lolita,,1962,,YES,YES,
Looper,,2012,,YES,YES,
Lord of War,,2005,,YES,YES,
Lost in Translation,,2003,,YES,YES,
M*A*S*H,,1970,,YES,YES,
Mad Max,,1979,,YES,YES,
Mad Max 2,,1981,,YES,NO,
Mad Max: Fury Road,,2015,,YES,YES,
Mallrats,,1995,,YES,YES,
Manchester by the Sea,,2016,,YES,YES,
Mary Poppins,,1964,,YES,NO,
Memento,,2000,,YES,YES,
Men in Black,,1997,,YES,YES,
MFKZ,,2018,,YES,YES,
Millennium Actress,,2001,,YES,YES,
Mind Game,,2004,,YES,YES,
Minority Report,,2002,,YES,YES,
Monty Python and the Holy Grail,,1975,,YES,YES,
Moonlight,,2016,,YES,NO,
mother!,,2017,,YES,YES,wtf. Awesome.
Mr. Brooks,,2007,,YES,YES,
My Big Fat Greek Wedding,,,02/11/2021,YES,YES,This was a sweet movie that caught me by surprise. I am not a big fan of romantic movies but this one will be marked as a favorite of mine.
My Neighbor Totoro,,1988,12/18/2021,YES,YES,
Napoleon Dynamite,,2004,,YES,YES,
National Lampoon's Vacation,,1983,,YES,YES,
National Treasure,,,11/07/2021,YES,YES,
National Treasure: Book of Secrets,,,11/07/2021,YES,NO,
Nausicaä of the Valley of the Wind,,1984,,YES,YES,
Neon Genesis Evangelion: The End of Evangelion,,1997,,YES,YES,
Nightcrawler,,2014,,YES,YES,
Ninja Scroll,,1993,,YES,YES,
No Country for Old Men,,2007,,YES,YES,
North by Northwest,,1959,,YES,YES,
Ocean's Eleven,,2001,,YES,YES,
Of Mice and Men,,,10/04/2021,YES,YES,
Office Space,,1999,,YES,YES,
Oldboy,,2003,,YES,YES,
Oliver & Company,,1988,,YES,YES,
On the Waterfront,,1954,,YES,NO,
Once Upon a Time… in Hollywood,,2019,,YES,YES,
One Flew Over the Cuckoo's Nest,,1975,,YES,YES,
Osmosis Jones,,,,YES,YES,
Over the Edge,,1979,,YES,YES,
Pan's Labyrinth,,2006,,YES,YES,
Paprika,,2006,,YES,YES,
Paths of Glory,,1957,,YES,YES,
Patriot Games,,1992,,YES,YES,
Patton,,1970,,YES,YES,
Perfect Blue,,1997,,YES,YES,
Peter Pan,,1953,10/02/2021,YES,YES,
Pi,,1998,,YES,YES,
Pinocchio,,1940,,YES,YES,
Planet of the Apes,,1968,,YES,YES,
Planet Terror,,2007,,YES,YES,
Platoon,,1986,,YES,YES,
Pocahontas,,,11/21/2021,YES,YES,
Point Break,,1991,,YES,YES,
Police Academy,,1984,,YES,YES,
Predator,,1987,,YES,YES,
Primal Fear,,1996,,YES,YES,
Primer,,2004,,YES,YES,
Princess Kaguya,,,01/08/2022,YES,YES,
Princess Mononoke,,1997,,YES,YES,
Prisoners,,2013,,YES,YES,
Psycho,,1960,,YES,YES,
Pulp Fiction,,1994,,YES,YES,
Raiders of the Lost Ark,,1981,,YES,YES,
Rain Man,,1988,10/20/2021,YES,YES,
Rat Race,,2001,,YES,YES,
Ratatouille,,2007,,YES,YES,
Raw,,2016,,YES,YES,
Requiem for a Dream,,2000,,YES,YES,
Reservoir Dogs,,1992,,YES,YES,
Return to Neverland,,,10/03/2021,YES,NO,
Road House,,1989,,YES,YES,
Robin Hood,,1973,,YES,YES,
RoboCop,,1987,,YES,YES,
Room,,2015,,YES,YES,
Rounders,,1998,,YES,YES,
Rushmore,,1998,,YES,YES,
Saving Private Ryan,,1998,,YES,YES,
Say Anything...,,1989,,YES,YES,
Scarface,,1983,,YES,YES,
Se7en,,1995,,YES,YES,
September 11 - The New Pearl Harbor,,2013,,YES,YES,
Seven Samurai,,1954,,YES,YES,
"Sex, Lies, and Videotape",,1989,,YES,YES,
Silence,,2016,,YES,YES,
Silent Running,,1972,,YES,YES,
Sin City,,2005,,YES,YES,
Singin' in the Rain,,1952,,YES,YES,
Sixteen Candles,,1984,,YES,YES,
Slumdog Millionaire,,2008,,YES,YES,
Snakes on a Plane,,2006,,YES,YES,
Snatch,,2000,,YES,YES,
Snowden,,2016,,YES,YES,
Snowpiercer,,2013,,YES,YES,
Spaceballs,,1987,,YES,YES,
Spartacus,,1960,,YES,YES,
Speed,,1994,,YES,YES,
Spider-Man: Into the Spider-Verse,,2018,,YES,YES,
Spirited Away,,2001,,YES,YES,
Stargate,,1994,,YES,YES,
Starship Troopers,,1997,,YES,YES,
Step Brothers,,2008,,YES,YES,
Steve Jobs,,2015,,YES,YES,
Steve Jobs: The Man In the Machine,,,11/01/2021,YES,YES,
Steve-O: Demise and Rise,,2009,,YES,YES,
Strange Days,,1995,,YES,YES,
Stripes,,1981,,YES,YES,
Summer Wars,,2009,,YES,YES,
Sweeney Todd: The Demon Barber of Fleet Street,,2007,,YES,YES,
Sword of the Stranger,,2007,,YES,YES,
Taken,,2008,,YES,YES,
Tangled,,,10/29/2021,YES,YES,
Tarzan,,1999,,YES,YES,
Taxi Driver,,1976,,YES,YES,
Team America: World Police,,2004,,YES,YES,
Tenacious D in The Pick of Destiny,,2006,,YES,YES,
Terminator,,1984,,YES,YES,
Terminator 2: Judgment Day,,1991,,YES,YES,
Thank You for Smoking,,2005,10/21/2021,YES,YES,
The Animatrix,,2003,,YES,YES,
The Aviator,,2004,,YES,YES,
The Bad News Bears,,1976,,YES,YES,
The Big Lebowski,,1998,,YES,NO,
The Black Cauldron,,1985,,YES,YES,
The Blair Witch Project,,1999,,YES,YES,
The Blues Brothers,,1980,,YES,YES,
The Boondock Saints,,1999,,YES,YES,
The Bourne Ultimatum,,2007,,YES,NO,
The Boy and the Beast,,2015,,YES,YES,
The Brave Little Toaster,,1987,,YES,YES,
The Breakfast Club,,1985,10/09/2021,YES,YES,
The Butterfly Effect,,2004,,YES,YES,
The Crow,,1994,,YES,YES,
The Curious Case of Benjamin Button,,2008,,YES,YES,
The Dark Crystal,,1982,,YES,YES,
The DaVinci Code,,,10/20/2021,YES,YES,
The Deer Hunter,,1978,,YES,YES,
The Departed,,2006,,YES,YES,
The Devil's Advocate,,1997,,YES,YES,
The Disaster Artist,,2017,,YES,YES,
The Elephant Man,,1980,,YES,YES,
The Exorcist,,1973,,YES,YES,
The Favourite,,2018,,YES,YES,
The Fifth Element,,1997,,YES,YES,
The Fly,,1986,,YES,YES,
The Founder,,,11/01/2021,YES,YES,
The Fox and the Hound,,1981,,YES,YES,
The Fugitive,,1993,,YES,YES,
The Girl Who Leapt Through Time,,2006,,YES,YES,
The Girl with the Dragon Tattoo,,2011,,YES,YES,
The Godfather,,1972,,YES,YES,
The Godfather: Part II,,1974,,YES,YES,
The Godfather: Part III,,,,YES,NO,
"The Good, the Bad and the Ugly",,1966,,YES,YES,
The Goonies,,1985,,YES,YES,
The Great Mouse Detective,,1986,09/27/2021,YES,YES,
The Green Mile,,1999,,YES,YES,
The Hateful Eight,,2015,,YES,YES,
The Highwaymen,,2019,,YES,YES,
The Hobbit: An Unexpected Journey,,,12/13/2021,YES,NO,Sucked.
The Hobbit: The Battle of the Five Armies,,,12/15/2021,YES,NO,Is it legal to kill someone for making a film so terrible?
The Hobbit: The Desolation of Smaug,,,12/15/2021,YES,NO,Major suck.
The Hunchback of Notre Dame,,1996,11/20/2021,YES,YES,Amazing. The soundtrack SLAPS.
The Hunt,,2012,,YES,YES,
The Impossible,,2012,,YES,YES,
The Incredibles,,2004,,YES,YES,
The Irishman,,2019,,YES,YES,
The Iron Giant,,1999,12/05/2021,YES,YES,
The Jungle Book,,1967,10/25/2021,YES,YES,
The Jungle Book 2,,,10/25/2021,YES,NO,Idk why I watched this. lol
The Karate Kid,,1984,,YES,YES,
The King of Kong: A Fistful of Quarters,,2007,,YES,YES,
The Land Before Time,,1988,,YES,YES,
The Lego Movie,,2014,,YES,YES,
The Lighthouse,,2019,,YES,YES,
The Lion King,,1994,10/09/2021,YES,YES,
The Lion King II: Simba’s Pride,tt0120131,1998,10/10/2021,YES,NO,
The Little Mermaid,,,10/16/2021,YES,YES,
The Little Mermaid II: Return to the Sea,,,10/18/2021,YES,NO,
The Little Prince,,2015,,YES,YES,
The Lord of the Rings: The Fellowship of the Ring,,2001,,YES,YES,
The Lord of the Rings: The Fellowship of the Ring (Extended),,2001,12/17/2021,YES,YES,
The Lord of the Rings: The Return of the King,,2003,,YES,YES,
The Lord of the Rings: The Return of the King (Extended),,2003,12/21/2021,YES,YES,
The Lord of the Rings: The Two Towers,,2002,,YES,YES,
The Lord of the Rings: The Two Towers (Extended),,2002,12/20/2021,YES,YES,
The Martian,,2015,,YES,YES,
The Master,,2012,,YES,YES,
The Matrix,,1999,,YES,YES,
The Mothman Prophecies,,,09/28/2021,YES,NO,
The Mummy,,1999,,YES,YES,
The Naked Gun: From the Files of Police Squad!,,1988,,YES,YES,
The NeverEnding Story,,1984,,YES,YES,
The Nightmare Before Christmas,,1993,10/29/2021,YES,YES,
The Peanuts Movie,,2015,,YES,YES,
The Pianist,,2002,,YES,YES,
The Point,,1971,,YES,YES,
The Prince of Egypt,,1998,,YES,YES,
The Princess and the Frog,,,10/27/2021,YES,YES,
The Princess Bride,,1987,,YES,YES,
The Raid,,2011,,YES,YES,
The Red Pill,,2016,,YES,YES,
The Room,,2003,,YES,YES,
The Running Man,,1987,,YES,YES,
The Sandlot,,,01/16/2021,YES,YES,
The Secret of NIMH,,1982,,YES,YES,
The Shawshank Redemption,,1994,,YES,YES,
The Shining,,1980,,YES,YES,
The Silence of the Lambs,,1991,,YES,YES,
The Sixth Sense,,1999,,YES,YES,
The Social Dilemma,,2020,,YES,YES,
The Social Network,,2010,10/26/2021,YES,YES,
The Sword in the Stone,,1963,,YES,YES,
The Tale of the Princess Kaguya,,2013,,YES,YES,
The Terminator,,1984,,YES,YES,
The Thing,,1982,,YES,YES,
The Treasure of the Sierra Madre,,1948,,YES,YES,
The Triplets of Belleville,,2003,,YES,YES,
The Truman Show,,1998,,YES,YES,
The Usual Suspects,,1995,,YES,YES,
The Wind Rises,,2013,02/05/2021,YES,NO,
The Wizard of Oz,,1939,,YES,YES,
The Wolf of Wall Street,,2013,,YES,YES,
There Will Be Blood,,2007,,YES,YES,
They Live,,1988,,YES,YES,
They Shall Not Grow Old,,2018,,YES,YES,
This Is Spinal Tap,,1984,,YES,YES,
Threads,,1984,,YES,YES,
"Three Billboards Outside Ebbing, Missouri",,2017,,YES,YES,
Throne of Blood,,1957,,YES,YES,
Titanic,,1997,,YES,NO,
To Kill a Mockingbird,,1962,,YES,YES,
Top Gun,,1986,,YES,YES,
Total Recall,,1990,,YES,YES,
Toy Story,,1995,,YES,YES,
Toy Story 2,,1999,,YES,YES,
Toy Story 3,,2010,,YES,YES,
Toy Story 4,,,,YES,NO,The only thing going for this movie was the graphics. Wtf was the point of this movie besides a giant cash-grab by Disney. Terrible.
Trading Places,,1983,,YES,YES,
Trailer Park Boys,,1999,,YES,YES,
Trainspotting,,1996,,YES,YES,Watch this if you are not squeamish of needles. Amazing.
Tremors,,1990,,YES,YES,
True Lies,,1994,,YES,YES,
True Romance,,1993,,YES,YES,
Twelve Monkeys,,1995,,YES,YES,
Unforgiven,,1992,,YES,YES,
Unhinged,,,10/26/2021,YES,NO,
V for Vendetta,,2006,,YES,YES,
Vampire Hunter D,,1985,,YES,YES,
Vampire Hunter D: Bloodlust,,2000,,YES,YES,
Vertigo,,1958,,YES,YES,
Wall Street,,1987,,YES,YES,
WALL·E,,2008,,YES,YES,
WarGames,,1983,,YES,YES,
Watchmen,,2009,,YES,YES,
Wayne's World,tt0105793,1992,,YES,YES,
Wayne's World 2,tt0108525,1993,,YES,YES,
Westworld,tt0070909,1973,,YES,YES,
What We Do in the Shadows,tt3416742,2014,,YES,YES,I can’t remember the last time a comedy movie made me laugh but this one had me dying. A must see.
Whiplash,tt2582802,2014,,YES,YES,
Who Framed Roger Rabbit,tt0096438,1988,,YES,YES,Insane animation.
Willy Wonka & the Chocolate Factory,tt0067992,1971,,YES,YES,
Wolf Children,tt2140203,2012,,YES,YES,
You Were Never Really Here,tt5742374,2017,,YES,YES,
Your Name.,tt5311514,2016,,YES,YES,
Zatoichi,tt0363226,2003,,YES,YES,
Zodiac,tt0443706,2007,,YES,YES,
Airplane!,tt0080339,1980,,YES,NO,
Airplane II: The Sequel,tt0083530,1982,,YES,YES,
Les Misérables,tt1707386,2012,,YES,YES,
Star Wars,tt0076759,1977,,YES,YES,
Star Wars: Episode V - The Empire Strikes Back,tt0080684,,,YES,YES,
Star Wars: Episode VI - Return of the Jedi,tt0086190,1983,,YES,NO,
Star Wars: Episode I - The Phantom Menace,tt0120915,,,YES,NO,
Star Wars: Episode II - Attack of the Clones,tt0121765,,,YES,NO,
Star Wars: Episode III - Revenge of the Sith,tt0121766,,,YES,NO,
Star Wars: The Clone Wars,tt1185834,2008,,YES,NO,
Star Wars: Episode VII - The Force Awakens,tt2488496,2015,,YES,NO,
Star Wars: Episode VIII - The Last Jedi,tt2527336,2017,,YES,NO,
Star Wars: Episode IX - The Rise of Skywalker,tt2527338,2019,,YES,NO,What an awful way to end Star Wars.
Just Go With It,tt1564367,2011,,YES,NO,I wanted to throw a remote at the TV the first time I watched this. Adam Sandler movies are for middle-class/ lower-class Americans who enjoy their delicious daily corn kibble (cereal).
Despicable Me,tt1323594,2010,,YES,NO,
The Hangover Part II,tt1411697,2011,,YES,NO,
The Hangover Part III,tt1951261,2013,,YES,NO,Sucked.
The Hangover,tt1119646,2009,,YES,NO,
The Passion of the Christ,tt0335345,2004,,YES,YES,
Carrie,tt0074285,1976,05/22/2022,YES,YES,Interesting. I need to read the book someday.
The Raid: Redemption,tt1899353,2011,,YES,YES,
,tt0144814,,05/22/2022,YES,NO,There was no need to make this movie. Though I did enjoy the Nine Inch Nails references.
,tt0116282,,,YES,,
,tt0318403,,,YES,,
,tt1136608,,,YES,,
,tt1645170,,,YES,,
,tt0119116,,,YES,,
,tt0167404,,,YES,,
,tt1446714,,,YES,,
,tt1772925,,,YES,,
,tt0128445,,,YES,,
,tt1086064,,,YES,,
,tt0080120,,,YES,,
,tt0490215,,,YES,,
,tt0936501,,,YES,,
,tt0390521,,,YES,,
,tt7215262,,,YES,,
,tt0240468,,,YES,,
,tt1001526,,,YES,,
,tt0101452,,,YES,,
,tt3315342,,,YES,,
,tt0104257,,,YES,,
,tt0366551,,,YES,,
,tt0481536,,,YES,,
,tt0106677,,,YES,,
,tt0088128,,,YES,,
,tt1231587,,,YES,,
,tt0302886,,,YES,,
,tt0838283,,,YES,,
,tt0942385,,,YES,,
,tt8097030,,,YES,,
,tt4302938,,,YES,,
,tt0787474,,,YES,,
,tt0128442,,,YES,,
,tt3794354,,,YES,,
,tt0870154,,,YES,,
,tt1280126,,,YES,,
,tt5109280,,,YES,,
,tt2948372,,,YES,,
,tt7146812,,,YES,,
,tt2294629,,,YES,,
,tt4520988,,,YES,,
(500) Days of Summer,,2009,,NO,,
[REC],,2007,,NO,,
11:14,,2003,,NO,,
12 Years a Slave,,2013,,NO,,
127 Hours,,2010,,NO,,
13th,,2016,,NO,,
1900,,1976,,NO,,
1941,,1979,,NO,,
2 or 3 Things I Know About Her,,1967,,NO,,
21 Grams,,2003,,NO,,
25th Hour,,2002,,NO,,
3 Idiots,,2009,,NO,,
3-Iron,,2004,,NO,,
3:10 to Yuma,,2007,,NO,,
"4 Months, 3 Weeks and 2 Days",,2007,,NO,,
42nd Street,,1933,,NO,,
5 Centimeters per Second,,2007,,NO,,
50/50,,2011,,NO,,
7Mallrats,,1995,,NO,,
8½,,1963,,NO,,
A Bittersweet Life,,2005,,NO,,
A Boy and His Dog,,1975,,NO,,
A Brighter Summer Day,,1991,,NO,,
A Bronx Tale,,1993,,NO,,
A Bucket of Blood,,1959,,NO,,
A Chinese Ghost Story,,1987,,NO,,
A City of Sadness,,1989,,NO,,
A Clockwork Orange,,1971,,NO,,
A Day in the Country,,1946,,NO,,
A Fish Called Wanda,,1988,,NO,,
A Good Day to Die Hard,,2013,,NO,,
A Hard Day's Night,,1964,,NO,,
A Man Escaped,,1956,,NO,,
A Man for All Seasons,,1966,,NO,,
A Matter of Life and Death,,1946,,NO,,
A Night at the Opera,,1935,,NO,,
À Nous la Liberté,,1931,,NO,,
A Passage to India,,1984,,NO,,
A Place in the Sun,,1951,,NO,,
A Prophet,,2009,,NO,,
A Question of Silence,,1982,,NO,,
A Room with a View,,1985,,NO,,
A Separation,,2011,,NO,,
A Simple Plan,,1998,,NO,,
A Single Man,,2009,,NO,,
A Streetcar Named Desire,,1951,,NO,,
A Tale of the Wind,,1988,,NO,,
A Tale of Two Sisters,,2003,,NO,,
A Tale of Winter,,1992,,NO,,
A Throw of Dice,,1929,,NO,,
A Touch of Sin,,2013,,NO,,
A Touch of Zen,,1971,,NO,,
A Very Long Engagement,,2004,,NO,,
A View to a Kill,,1985,,NO,,
A Woman Under the Influence,,1974,,NO,,
Ace in the Hole,,1951,,NO,,
Adam's Rib,,1949,,NO,,
Adaptation.,,2002,,NO,,
After Hours,,1985,,NO,,
"Aguirre, the Wrath of God",,1972,,NO,,
Aileen Wuornos: The Selling of a Serial Killer,,1992,,NO,,
Aileen: Life and Death of a Serial Killer,,2003,,NO,,
Airheads,,1994,,NO,,
Ali Zaoua: Prince of the Streets,,2000,,NO,,
Ali: Fear Eats the Soul,,1974,,NO,,
Alice,,1988,,NO,,
All About My Mother,,1999,,NO,,
All That Heaven Allows,,1955,,NO,,
All That Jazz,,1979,,NO,,
All the President's Men,,1976,,NO,,
Almost Famous,,2000,,NO,,
Alphaville,,1965,,NO,,
Altered States,,1980,,NO,,
Amarcord,,1973,,NO,,
American Graffiti,,1973,,NO,,
American Hustle,,2013,,NO,,
American Movie,,1999,,NO,,
Amores Perros,,2000,,NO,,
Amour,,2012,,NO,,
An Actor's Revenge,,1963,,NO,,
An Affair to Remember,,1957,,NO,,
An American Hippie in Israel,,1972,,NO,,
An American in Paris,,1951,,NO,,
An Autumn Afternoon,,1962,,NO,,
An Education,,2009,,NO,,
Anaconda,,1997,,NO,,
Anatomy of a Murder,,1959,,NO,,
Andrei Rublev,,1966,,NO,,
Angel Face,,1953,,NO,,
Angel Heart,,1987,,NO,,
Angels with Dirty Faces,,1938,,NO,,
Animal Farm,,1954,,NO,,
Animal House,,1978,,NO,,
Animal Kingdom,,2010,,NO,,
Annie Hall,,1977,,NO,,
Anvil! The Story of Anvil,,2008,,NO,,
Aparajito,,1956,,NO,,
Apocalypse Now,,1979,,NO,,
Apollo 13,,1995,,NO,,
Archangel,,1990,,NO,,
Argo,,2012,,NO,,
Ariel,,1988,,NO,,
Army of Shadows,,1969,,NO,,
Arrival,,2016,,NO,,
Arsenic and Old Lace,,1944,,NO,,
Artists and Models,,1955,,NO,,
Ashes and Diamonds,,1958,,NO,,
Atlantic City,,1980,,NO,,
Atlantis: The Lost Empire,,2001,,NO,,
Atonement,,2007,,NO,,
Attack of the Killer Tomatoes!,,1978,,NO,,
Attack the Gas Station!,,1999,,NO,,
Au Hasard Balthazar,,1966,,NO,,
Au Revoir les Enfants,,1987,,NO,,
Audition,,1999,,NO,,
Autumn Sonata,,1978,,NO,,
Avengers: Infinity War,,2018,,NO,,
Babe,,1995,,NO,,
Babe: Pig in the City,,1998,,NO,,
Babel,,2006,,NO,,
Babes in Arms,,1939,,NO,,
Babette's Feast,,1987,,NO,,
Bad Day at Black Rock,,1955,,NO,,
Bad Education,,2004,,NO,,
Bad Lieutenant,,1992,,NO,,
Bad Santa,,2003,,NO,,
Badlands,,1973,,NO,,
Barbarella,,1968,,NO,,
Barfi!,,2012,,NO,,
Barren Lives,,1963,,NO,,
Barton Fink,,1991,,NO,,
Basket Case,,1982,,NO,,
Batman,,1989,,NO,,
Batman & Robin,,1997,,NO,,
Batman Forever,,1995,,NO,,
Batman Returns,,1992,,NO,,
Battleship Potemkin,,1925,,NO,,
Beasts of the Southern Wild,,2012,,NO,,
Beat the Devil,,1953,,NO,,
Beau Travail,,1999,,NO,,
Beauty and the Beast,,1946,,NO,,
Before Midnight,,2013,,NO,,
Before Sunset,,2004,,NO,,
Before the Revolution,,1964,,NO,,
Behind the Mask: The Rise of Leslie Vernon,,2006,,NO,,
Being John Malkovich,,1999,,NO,,
Being There,,1979,,NO,,
Belle de Jour,,1967,,NO,,
Ben-Hur,,1959,,NO,,
Best in Show,,2000,,NO,,
Best of the Best,,1989,,NO,,
Better Off Dead...,,1985,,NO,,
Beyond the Valley of the Dolls,,1970,,NO,,
Bicycle Thieves,,1948,,NO,,
Bigger Than Life,,1956,,NO,,
Billy Elliot,,2000,,NO,,
Bio-Dome,,1996,,NO,,
Birdemic: Shock and Terror,,2010,,NO,,
Black Book,,2006,,NO,,
"Black Cat, White Cat",,1998,,NO,,
Black Christmas,,1974,,NO,,
"Black God, White Devil",,1964,,NO,,
Black Narcissus,,1947,,NO,,
Black Orpheus,,1959,,NO,,
Black Panther,,2018,,NO,,
Black Sunday,,1960,,NO,,
Blackmail,,1929,,NO,,
Blancanieves,,2012,,NO,,
Blazing Saddles,,1974,,NO,,
Blonde Cobra,,1963,,NO,,
Blood Simple,,1984,,NO,,
Bloody Sunday,,2002,,NO,,
Blow-Up,,1966,,NO,,
Blue Is the Warmest Color,,2013,,NO,,
Blue Sunshine,,1977,,NO,,
Blue Valentine,,2010,,NO,,
Bob le Flambeur,,1956,,NO,,
Body Heat,,1981,,NO,,
Bonnie and Clyde,,1967,,NO,,
Boogie Nights,,1997,,NO,,
Bottle Rocket,,1996,,NO,,
Boudu Saved from Drowning,,1932,,NO,,
Bound,,1996,,NO,,
Bowling for Columbine,,2002,,NO,,
Boy A,,2007,,NO,,
Boys Don't Cry,,1999,,NO,,
Boyz n the Hood,,1991,,NO,,
Brain Dead,,1987,,NO,,
Braindead,,1992,,NO,,
Bram Stoker's Dracula,,1992,,NO,,
Brazil,,1985,,NO,,
Breakin',,1984,,NO,,
Breaking Away,,1979,,NO,,
Breaking the Waves,,1996,,NO,,
Breathless,,1960,,NO,,
Brick,,2006,,NO,,
Bridesmaids,,2011,,NO,,
Brief Encounter,,1945,,NO,,
Bring Me the Head of Alfredo Garcia,,1974,,NO,,
Bringing Up Baby,,1938,,NO,,
Broadcast News,,1987,,NO,,
Brokeback Mountain,,2005,,NO,,
Broken Blossoms,,1919,,NO,,
Bruiser,,2000,,NO,,
Bubba Ho-tep,,2002,,NO,,
Buffalo '66,,1998,,NO,,
Bull Durham,,1988,,NO,,
Bullitt,,1968,,NO,,
Bus 174,,2002,,NO,,
Butch Cassidy and the Sundance Kid,,1969,,NO,,
C.H.U.D.,,1984,,NO,,
Cabaret,,1972,,NO,,
Cabin Boy,,1994,,NO,,
Cairo Station,,1958,,NO,,
Call Me by Your Name,,2017,,NO,,
Camille,,1936,,NO,,
Candyman,,1992,,NO,,
Capernaum,,2018,,NO,,
Capote,,2005,,NO,,
Captain Blood,,1935,,NO,,
Captains Courageous,,1937,,NO,,
Caravaggio,,1986,,NO,,
Careful,,1992,,NO,,
Carlito's Way,,1993,,NO,,
Carmen Jones,,1954,,NO,,
Caro diario,,1993,,NO,,
Casino,,1995,,NO,,
Casino Royale,,1967,,NO,,
Casino Royale,,2006,,NO,,
Cat on a Hot Tin Roof,,1958,,NO,,
Cat People,,1942,,NO,,
Cave of Forgotten Dreams,,2010,,NO,,
Ceddo,,1977,,NO,,
Céline and Julie Go Boating,,1974,,NO,,
Cell 211,,2009,,NO,,
Center Stage,,1991,,NO,,
Central Station,,1998,,NO,,
Chak De! India,,2007,,NO,,
Changeling,,2008,,NO,,
Charade,,1963,,NO,,
Chariots of Fire,,1981,,NO,,
Cherry 2000,,1987,,NO,,
Chicago,,2002,,NO,,
Child's Play,,1988,,NO,,
Children of a Lesser God,,1986,,NO,,
Children of Heaven,,1997,,NO,,
Children of Men,,2006,,NO,,
Children of Paradise,,1945,,NO,,
Children Shouldn't Play with Dead Things,,1972,,NO,,
Children Who Chase Lost Voices,,2011,,NO,,
Chimes at Midnight,,1965,,NO,,
Chinatown,,1974,,NO,,
Christ Stopped at Eboli,,1979,,NO,,
Christmas Evil,,1980,,NO,,
Chronicle of a Summer,,1961,,NO,,
Chuck & Buck,,2000,,NO,,
Chungking Express,,1994,,NO,,
Cinderella Man,,2005,,NO,,
Cinema Paradiso,,1988,,NO,,
Circuitry Man,,1990,,NO,,
City Lights,,1931,,NO,,
City of God,,2002,,NO,,
Class of Nuke 'Em High,,1986,,NO,,
Cléo from 5 to 7,,1962,,NO,,
Close Encounters of the Third Kind,,1977,,NO,,
Close-Up,,1990,,NO,,
Closely Watched Trains,,1966,,NO,,
Clue,,1985,,NO,,
Clueless,,1995,,NO,,
Code of Silence,,1985,,NO,,
Code Unknown,,2000,,NO,,
Coherence,,2013,,NO,,
Collateral,,2004,,NO,,
Colossus: The Forbin Project,,1970,,NO,,
Come Drink with Me,,1966,,NO,,
Coming Home,,1978,,NO,,
Conan the Barbarian,,1982,,NO,,
Confessions,,2010,,NO,,
Contempt,,1963,,NO,,
Control,,2007,,NO,,
Cool Hand Luke,,1967,,NO,,
Coonskin,,1975,,NO,,
Crash,,2004,,NO,,
Crayon Shin-chan: Fierceness That Invites Storm! The Adult Empire Strikes Back,,2001,,NO,,
Creepshow,,1982,,NO,,
Creepshow 2,,1987,,NO,,
Cría cuervos…,,1976,,NO,,
Cries and Whispers,,1972,,NO,,
Crimes and Misdemeanors,,1989,,NO,,
"Crouching Tiger, Hidden Dragon",,2000,,NO,,
Crumb,,1994,,NO,,
Cry-Baby,,1990,,NO,,
Cyclo,,1995,,NO,,
Daisies,,1966,,NO,,
Dallas Buyers Club,,2013,,NO,,
"Dance, Girl, Dance",,1940,,NO,,
Dancer in the Dark,,2000,,NO,,
Dances with Wolves,,1990,,NO,,
Dangerous Liaisons,,1988,,NO,,
Dark Star,,1974,,NO,,
Darkest Hour,,2017,,NO,,
Darkman,,1990,,NO,,
Das Boot,,1981,,NO,,
David Holzman's Diary,,1967,,NO,,
Dawn of the Dead,,1978,,NO,,
Dawn of the Dead,,2004,,NO,,
Dawson City: Frozen Time,,2017,,NO,,
Day for Night,,1973,,NO,,
Day of the Dead,,1985,,NO,,
Day of Wrath,,1943,,NO,,
Days of Heaven,,1978,,NO,,
Dead Man,,1995,,NO,,
Dead Man,,1995,,NO,,
Dead Man Walking,,1995,,NO,,
Dead Ringers,,1988,,NO,,
Death Race 2000,,1975,,NO,,
Decalogue I,,1989,,NO,,
Deconstructing Harry,,1997,,NO,,
Deep End,,1971,,NO,,
Deewaar,,1975,,NO,,
Delicatessen,,1991,,NO,,
Deliver Us from Evil,,2006,,NO,,
Deliverance,,1972,,NO,,
Demonlover,,2002,,NO,,
Demons,,1985,,NO,,
Departures,,2008,,NO,,
Dersu Uzala,,1975,,NO,,
Deseret,,1995,,NO,,
Destry Rides Again,,1939,,NO,,
Detour,,1945,,NO,,
Diabolique,,1955,,NO,,
Diamonds Are Forever,,1971,,NO,,
Diary of a Country Priest,,1951,,NO,,
Diary of the Dead,,2008,,NO,,
Die Another Day,,2002,,NO,,
Diggstown,,1992,,NO,,
Dilwale Dulhania Le Jayenge,,1995,,NO,,
Diner,,1982,,NO,,
Dirty Work,,1998,,NO,,
Distant,,2002,,NO,,
"Distant Voices, Still Lives",,1988,,NO,,
Diva,,1981,,NO,,
Django,,1966,,NO,,
Do the Right Thing,,1989,,NO,,
Doctor Zhivago,,1965,,NO,,
Dodsworth,,1936,,NO,,
Dog Star Man: Part I,,1963,,NO,,
Dogville,,2003,,NO,,
Don't Answer the Phone!,,1980,,NO,,
Don't Look Now,,1973,,NO,,
Donnie Brasco,,1997,,NO,,
Double Indemnity,,1944,,NO,,
Double Team,,1997,,NO,,
Down by Law,,1986,,NO,,
"Dr. Mabuse, the Gambler",,1922,,NO,,
Dr. No,,1962,,NO,,
Dr. Phibes Rises Again,,1972,,NO,,
Dracula,,1931,,NO,,
Dracula,,1958,,NO,,
Dragon Ball Z: Gather Together! Goku's World,,1992,,NO,,
Drop Dead Fred,,1991,,NO,,
Drowning by Numbers,,1988,,NO,,
Drugstore Cowboy,,1989,,NO,,
Duck Soup,,1933,,NO,,
Earth,,1930,,NO,,
Earth Girls Are Easy,,1988,,NO,,
East of Eden,,1955,,NO,,
Eastern Promises,,2007,,NO,,
Easy Rider,,1969,,NO,,
Eating Raoul,,1982,,NO,,
Ed Wood,,1994,,NO,,
El Norte,,1983,,NO,,
El Topo,,1970,,NO,,
Election,,1999,,NO,,
Elephant,,2003,,NO,,
Elite Squad: The Enemy Within,,2010,,NO,,
Elizabeth,,1998,,NO,,
Empire of the Sun,,1987,,NO,,
Enter the Dragon,,1973,,NO,,
Entranced Earth,,1967,,NO,,
Eraserhead,,1978,,NO,,
Escape From Alcatraz,,1979,,NO,,
Europa Europa,,1990,,NO,,
Europe '51,,1952,,NO,,
Event Horizon,,1997,,NO,,
Evil Dead II,,1987,,NO,,
Exodus,,1960,,NO,,
Exotica,,1994,,NO,,
Expelled from Paradise,,2014,,NO,,
Explorers,,1985,,NO,,
Eyes Without a Face,,1960,,NO,,
F for Fake,,1973,,NO,,
Faces,,1968,,NO,,
Faces of Death,,1978,,NO,,
Fahrenheit 9/11,,2004,,NO,,
Fanny and Alexander,,1982,,NO,,
Fantasia,,1940,,NO,,
Fantastic Planet,,1973,,NO,,
Far from Heaven,,2002,,NO,,
Farewell My Concubine,,1993,,NO,,
"Fast, Cheap & Out of Control",,1997,,NO,,
"Faster, Pussycat! Kill! Kill!",,1965,,NO,,
Fat City,,1972,,NO,,
Fat Girl,,2001,,NO,,
Fatal Attraction,,1987,,NO,,
Faust,,1926,,NO,,
Fearless,,2006,,NO,,
Fellini Satyricon,,1969,,NO,,
Femme Fatale,,2002,,NO,,
Fiddler on the Roof,,1971,,NO,,
Fido,,2006,,NO,,
Field of Dreams,,1989,,NO,,
Final Fantasy VII: Advent Children,,2005,,NO,,
Finding Neverland,,2004,,NO,,
Fires Were Started,,1943,,NO,,
Fireworks,,1997,,NO,,
Fish Tank,,2009,,NO,,
Fitzcarraldo,,1982,,NO,,
Flaming Creatures,,1963,,NO,,
Flash Gordon,,1980,,NO,,
Floating Weeds,,1959,,NO,,
Foolish Wives,,1922,,NO,,
Footlight Parade,,1933,,NO,,
For Your Eyes Only,,1981,,NO,,
Forbidden Games,,1952,,NO,,
Forbidden Planet,,1956,,NO,,
Forbidden Zone,,1980,,NO,,
Force of Evil,,1948,,NO,,
Four Weddings and a Funeral,,1994,,NO,,
Fox and His Friends,,1975,,NO,,
Frances Ha,,2013,,NO,,
Frankenhooker,,1990,,NO,,
Frankenstein,,1931,,NO,,
Freaks,,1932,,NO,,
Free State of Jones,,2016,,NO,,
Frenzy,,1972,,NO,,
Fritz the Cat,,1972,,NO,,
From Here to Eternity,,1953,,NO,,
From Russia with Love,,1963,,NO,,
From Up on Poppy Hill,,2011,,NO,,
Frost/Nixon,,2008,,NO,,
Fruitvale Station,,2013,,NO,,
Fullmetal Alchemist The Movie: Conqueror of Shamballa,,2005,,NO,,
Funny Games,,1997,,NO,,
Gabbeh,,1996,,NO,,
Galaxy of Terror,,1981,,NO,,
Gallipoli,,1981,,NO,,
Gangs of Wasseypur - Part 1,,2012,,NO,,
Garden State,,2004,,NO,,
Gaslight,,1944,,NO,,
Gattaca,,1997,,NO,,
Gemini Man,,2019,,NO,,
Gentlemen Prefer Blondes,,1953,,NO,,
Gertrud,,1964,,NO,,
Get Carter,,1971,,NO,,
Get Carter,,2000,,NO,,
Get Crazy,,1983,,NO,,
Get Out,,2017,,NO,,
Ghost World,,2001,,NO,,
Giant,,1956,,NO,,
Gigi,,1958,,NO,,
Gilda,,1946,,NO,,
Gimme Shelter,,1970,,NO,,
Ginger Snaps,,2000,,NO,,
Gleaming the Cube,,1989,,NO,,
Glory,,1989,,NO,,
Gold Diggers of 1933,,1933,,NO,,
GoldenEye,,1995,,NO,,
Goldfinger,,1964,,NO,,
Gomorrah,,2008,,NO,,
Gone Baby Gone,,2007,,NO,,
Gone with the Wind,,1939,,NO,,
Good Bye Lenin!,,2003,,NO,,
"Good Night, and Good Luck.",,2005,,NO,,
Gosford Park,,2001,,NO,,
Grand Illusion,,1937,,NO,,
Gravity,,2013,,NO,,
Grease,,1978,,NO,,
Great Expectations,,1946,,NO,,
Greed,,1925,,NO,,
Green Book,,2018,,NO,,
Grey Gardens,,2009,,NO,,
Grindhouse,,2007,,NO,,
Grosse Pointe Blank,,1997,,NO,,
Guardians of the Galaxy,,2014,,NO,,
Guess Who's Coming to Dinner,,1967,,NO,,
Gummo,,1997,,NO,,
Gun Crazy,,1950,,NO,,
Gunda,,1998,,NO,,
Gunfight at the O.K. Corral,,1957,,NO,,
Gunga Din,,1939,,NO,,
Guys and Dolls,,1955,,NO,,
Hachi: A Dog's Tale,,2009,,NO,,
Haider,,2014,,NO,,
Half Nelson,,2006,,NO,,
Halfon Hill Doesn't Answer,,1976,,NO,,
Halloween,,1978,,NO,,
Halloween: The Curse of Michael Myers,,1995,,NO,,
Hamlet,,1996,,NO,,
Hannah and Her Sisters,,1986,,NO,,
Happiness,,1998,,NO,,
Happy Together,,1997,,NO,,
Harakiri,,1962,,NO,,
Hard Boiled,,1992,,NO,,
Hard Target,,1993,,NO,,
Hardware,,1990,,NO,,
Harold and Maude,,1971,,NO,,
Harrison Bergeron,,1995,,NO,,
Harvey,,1950,,NO,,
Häxan,,1922,,NO,,
Head-On,,2004,,NO,,
Headhunters,,2011,,NO,,
Hearts and Minds,,1974,,NO,,
Hearts of Darkness: A Filmmaker's Apocalypse,,1991,,NO,,
Heathers,,1989,,NO,,
Heavenly Creatures,,1994,,NO,,
Heavy Metal,,1981,,NO,,
Hedwig and the Angry Inch,,2001,,NO,,
Hellboy,,2004,,NO,,
Hellboy II: The Golden Army,,2008,,NO,,
Hellraiser,,1987,,NO,,
Henry V,,1944,,NO,,
Henry: Portrait of a Serial Killer,,1986,,NO,,
Hero,,2002,,NO,,
High and Low,,1963,,NO,,
High Fidelity,,2000,,NO,,
High Noon,,1952,,NO,,
High Plains Drifter,,1973,,NO,,
High School,,1968,,NO,,
High Sierra,,1941,,NO,,
High Society,,1956,,NO,,
Highway to Hell,,1991,,NO,,
Hill 24 Doesn't Answer,,1955,,NO,,
Hiroshima Mon Amour,,1959,,NO,,
His Girl Friday,,1940,,NO,,
Hobo with a Shotgun,,2011,,NO,,
Hocus Pocus,,1993,,NO,,
Hold Me While I'm Naked,,1966,,NO,,
Hombre,,1967,,NO,,
Hoop Dreams,,1994,,NO,,
Hoosiers,,1986,,NO,,
Hotarubi no Mori e,,2011,,NO,,
Hotel Rwanda,,2004,,NO,,
Hôtel Terminus: The Life and Times of Klaus Barbie,,1988,,NO,,
Hour of the Wolf,,1968,,NO,,
House,,1977,,NO,,
House of Flying Daggers,,2004,,NO,,
Housekeeping,,1987,,NO,,
How Green Was My Valley,,1941,,NO,,
Hud,,1963,,NO,,
Hugo,,2011,,NO,,
Hunger,,2008,,NO,,
Hungry Wives,,1972,,NO,,
I ♥ Huckabees,,2004,,NO,,
I Am a Fugitive from a Chain Gang,,1932,,NO,,
I Am Cuba,,1964,,NO,,
I Bury the Living,,1958,,NO,,
I Drink Your Blood,,1970,,NO,,
I Even Met Happy Gypsies,,1967,,NO,,
I Know Where I'm Going!,,1945,,NO,,
I Saw the Devil,,2010,,NO,,
I Walked with a Zombie,,1943,,NO,,
"I, Daniel Blake",,2016,,NO,,
I've Always Liked You,,2016,,NO,,
Ichi the Killer,,2001,,NO,,
Ida,,2013,,NO,,
if....,,1968,,NO,,
Ikiru,,1952,,NO,,
In a Lonely Place,,1950,,NO,,
In America,,2003,,NO,,
In Bruges,,2008,,NO,,
In the Bedroom,,2001,,NO,,
In the Company of Men,,1997,,NO,,
In the Heat of the Night,,1967,,NO,,
In the Loop,,2009,,NO,,
In the Mood for Love,,2000,,NO,,
In the Realm of the Senses,,1976,,NO,,
In the Year of the Pig,,1969,,NO,,
Incendies,,2010,,NO,,
India Song,,1975,,NO,,
Infernal Affairs,,2002,,NO,,
Inland Empire,,2006,,NO,,
Inside,,2007,,NO,,
Inside Job,,2010,,NO,,
Inside Llewyn Davis,,2013,,NO,,
Inside Man,,2006,,NO,,
Insomnia,,2002,,NO,,
Into the Wild,,2007,,NO,,
Intolerance: Love's Struggle Throughout the Ages,,1916,,NO,,
Invasion of the Body Snatchers,,1956,,NO,,
Ip Man,,2008,,NO,,
Ip Man 2,,2010,,NO,,
Irma Vep,,1996,,NO,,
Irreversible,,2002,,NO,,
It Happened One Night,,1934,,NO,,
It's a Gift,,1934,,NO,,
It's Alive,,1974,,NO,,
"Ivan the Terrible, Part I",,1945,,NO,,
"Ivan the Terrible, Part II: The Boyars' Plot",,1958,,NO,,
Ivan's Childhood,,1962,,NO,,
Jackie,,2016,,NO,,
Jean de Florette,,1986,,NO,,
"Jeanne Dielman, 23, Quai du Commerce 1080 Bruxelles",,1975,,NO,,
Jezebel,,1938,,NO,,
JFK,,1991,,NO,,
Johnny Got His Gun,,1971,,NO,,
Johnny Guitar,,1954,,NO,,
Journey to Italy,,1954,,NO,,
Judge Priest,,1934,,NO,,
Judgment at Nuremberg,,1961,,NO,,
Jules and Jim,,1962,,NO,,
Juliet of the Spirits,,1965,,NO,,
Kagemusha,,1980,,NO,,
Kaminey,,2009,,NO,,
Kandahar,,2001,,NO,,
Key Largo,,1948,,NO,,
Kick-Ass,,2010,,NO,,
Kick-Ass 2,,2013,,NO,,
Kids,,1995,,NO,,
Kids in the Hall: Brain Candy,,1996,,NO,,
Kill the Messenger,,2014,,NO,,
Killer of Sheep,,1978,,NO,,
Kind Hearts and Coronets,,1949,,NO,,
King Kong,,1933,,NO,,
King of New York,,1990,,NO,,
Kippur,,2000,,NO,,
Kiss Kiss Bang Bang,,2005,,NO,,
Kiss Me Deadly,,1955,,NO,,
KISS Meets the Phantom of the Park,,1978,,NO,,
Kiss of the Spider Woman,,1985,,NO,,
Kite,,1998,,NO,,
Klute,,1971,,NO,,
Knife in the Water,,1962,,NO,,
Koyaanisqatsi,,1982,,NO,,
Kramer vs. Kramer,,1979,,NO,,
Krull,,1983,,NO,,
Kundun,,1997,,NO,,
L.A. Confidential,,1997,,NO,,
L'Âge d'Or,,1930,,NO,,
L'Argent,,1983,,NO,,
L'Atalante,,1934,,NO,,
L'Avventura,,1960,,NO,,
L'Eclisse,,1962,,NO,,
La Belle Noiseuse,,1991,,NO,,
La Chienne,,1931,,NO,,
La Dolce Vita,,1960,,NO,,
La Haine,,1995,,NO,,
La Jetée,,1962,,NO,,
La La Land,,2016,,NO,,
La Notte,,1961,,NO,,
La Roue,,1923,,NO,,
La Strada,,1954,,NO,,
La Vie en Rose,,2007,,NO,,
Lady Macbeth,,2016,,NO,,
Land of the Dead,,2005,,NO,,
Land Without Bread,,1933,,NO,,
Landscape in the Mist,,1988,,NO,,
Lantana,,2001,,NO,,
Laserblast,,1978,,NO,,
Last Chants for a Slow Dance,,1977,,NO,,
Last Tango in Paris,,1972,,NO,,
Last Year at Marienbad,,1961,,NO,,
Late Spring,,1949,,NO,,
Laura,,1944,,NO,,
Lawrence of Arabia,,1962,,NO,,
Le Cercle Rouge,,1970,,NO,,
Le Havre,,2011,,NO,,
Le Jour Se Lève,,1939,,NO,,
Le Million,,1931,,NO,,
Le Samouraï,,1967,,NO,,
Le Trou,,1960,,NO,,
Leaving Las Vegas,,1995,,NO,,
Legend,,1985,,NO,,
Lemon Popsicle,,1978,,NO,,
Les Vampires,,1915,,NO,,
Let the Right One In,,2008,,NO,,
Let's Scare Jessica to Death,,1971,,NO,,
Letter from an Unknown Woman,,1948,,NO,,
Letters from Iwo Jima,,2006,,NO,,
Leviathan,,2014,,NO,,
Licence to Kill,,1989,,NO,,
Life Is Beautiful,,1997,,NO,,
Lifeforce,,1985,,NO,,
"Like Father, Like Son",,2013,,NO,,
Lilya 4-ever,,2002,,NO,,
Limite,,1931,,NO,,
Lincoln,,2012,,NO,,
Little Big Man,,1970,,NO,,
Little Caesar,,1931,,NO,,
Little Children,,2006,,NO,,
Little Miss Sunshine,,2006,,NO,,
Live and Become,,2005,,NO,,
Live and Let Die,,1973,,NO,,
Live Free or Die Hard,,2007,,NO,,
Living in Oblivion,,1995,,NO,,
Local Hero,,1983,,NO,,
"Lock, Stock and Two Smoking Barrels",,1998,,NO,,
Logan's Run,,1976,,NO,,
Lola,,1961,,NO,,
Lola Montès,,1955,,NO,,
Lone Star,,1996,,NO,,
Lost Highway,,1997,,NO,,
Louisiana Story,,1948,,NO,,
Loulou,,1980,,NO,,
Love and Death,,1975,,NO,,
Love Jones,,1997,,NO,,
Love Me Tonight,,1932,,NO,,
Love Streams,,1984,,NO,,
Loving Vincent,,2017,,NO,,
Lucia,,1968,,NO,,
Lupin the Third: The Castle of Cagliostro,,1979,,NO,,
M,,1931,,NO,,
Magnolia,,1999,,NO,,
Major Payne,,1995,,NO,,
Make Way for Tomorrow,,1937,,NO,,
Malcolm X,,1992,,NO,,
Man Bites Dog,,1992,,NO,,
Man of Iron,,1981,,NO,,
Man of Marble,,1977,,NO,,
Man of the West,,1958,,NO,,
Man with a Movie Camera,,1929,,NO,,
Manhattan,,1979,,NO,,
Manhunter,,1986,,NO,,
Maniac Cop,,1988,,NO,,
Manila in the Claws of Light,,1975,,NO,,
Manon of the Spring,,1986,,NO,,
Manos: The Hands of Fate,,1966,,NO,,
Maquia: When the Promised Flower Blooms,,2018,,NO,,
Marketa Lazarová,,1967,,NO,,
Marnie,,1964,,NO,,
Married to the Mob,,1988,,NO,,
Mars Attacks!,,1996,,NO,,
Martin,,1977,,NO,,
Marty,,1955,,NO,,
Mary and Max,,2009,,NO,,
Mary and The Witch's Flower,,2017,,NO,,
Masculin Féminin,,1966,,NO,,
Master and Commander: The Far Side of the World,,2003,,NO,,
Master of the Flying Guillotine,,1976,,NO,,
May,,2003,,NO,,
McCabe & Mrs. Miller,,1971,,NO,,
Me and My Gal,,1932,,NO,,
Mean Girls,,2004,,NO,,
Mean Streets,,1973,,NO,,
Méditerranée,,1963,,NO,,
Meet Me in St. Louis,,1944,,NO,,
Meet the Parents,,2000,,NO,,
Memories of Murder,,2003,,NO,,
Memories of Underdevelopment,,1968,,NO,,
Menace II Society,,1993,,NO,,
Meshes of the Afternoon,,1943,,NO,,
Metropolis,,1927,,NO,,
Miami Blues,,1990,,NO,,
Midnight Cowboy,,1969,,NO,,
Midnight Express,,1978,,NO,,
Midnight in Paris,,2011,,NO,,
Midnight Run,,1988,,NO,,
Mildred Pierce,,1945,,NO,,
Milk,,2008,,NO,,
Miller's Crossing,,1990,,NO,,
Million Dollar Baby,,2004,,NO,,
Miracle Mile,,1988,,NO,,
Miracle on 34th Street,,1947,,NO,,
Mirror,,1975,,NO,,
Misery,,1990,,NO,,
Mishima: A Life in Four Chapters,,1985,,NO,,
Mission: Impossible - Ghost Protocol,,2011,,NO,,
Mission: Impossible - Rogue Nation,,2015,,NO,,
Mission: Impossible III,,2006,,NO,,
Mississippi Burning,,1988,,NO,,
Mobile Suit Gundam I,,1981,,NO,,
Modern Times,,1936,,NO,,
Mommie Dearest,,1981,,NO,,
Mommy,,2014,,NO,,
Mon Oncle,,1958,,NO,,
Mondo Cane,,1962,,NO,,
Moneyball,,2011,,NO,,
Monkey Shines,,1988,,NO,,
Monsieur Hulot's Holiday,,1953,,NO,,
Monsieur Verdoux,,1947,,NO,,
Monsoon Wedding,,2001,,NO,,
Monsters,,2010,,NO,,
Moolaadé,,2004,,NO,,
Moon,,2009,,NO,,
Moonraker,,1979,,NO,,
Moonrise Kingdom,,2012,,NO,,
Moonstruck,,1987,,NO,,
Morvern Callar,,2002,,NO,,
Mother and Son,,1997,,NO,,
Mother India,,1957,,NO,,
Moulin Rouge!,,2001,,NO,,
Mr. Deeds Goes to Town,,1936,,NO,,
Mr. Nobody,,2009,,NO,,
Mr. Smith Goes to Washington,,1939,,NO,,
Mrs. Miniver,,1942,,NO,,
Ms .45,,1981,,NO,,
Mud,,2013,,NO,,
Mulholland Dr.,,1999,,NO,,
Mulholland Drive,,2001,,NO,,
Munich,,2005,,NO,,
"Murder, My Sweet",,1944,,NO,,
Muriel's Wedding,,1994,,NO,,
Muriel's Wedding,,1994,,NO,,
Murmur of the Heart,,1971,,NO,,
Mutiny on the Bounty,,1935,,NO,,
My Brilliant Career,,1979,,NO,,
My Darling Clementine,,1946,,NO,,
My Dinner with Andre,,1981,,NO,,
My Fair Lady,,1964,,NO,,
My Left Foot: The Story of Christy Brown,,1989,,NO,,
My Man Godfrey,,1936,,NO,,
My Name Is Khan,,2010,,NO,,
My Night at Maud's,,1969,,NO,,
My Own Private Idaho,,1991,,NO,,
Mysterious Skin,,2004,,NO,,
Mystery Men,,1999,,NO,,
Mystery Train,,1989,,NO,,
Mystic River,,2003,,NO,,
Naked,,1993,,NO,,
Naked Lunch,,1991,,NO,,
Nanook of the North,,1922,,NO,,
Napoleon,,1927,,NO,,
Nashville,,1975,,NO,,
Natural Born Killers,,1994,,NO,,
Near Dark,,1987,,NO,,
Nebraska,,2013,,NO,,
Nekromantik,,1987,,NO,,
Network,,1976,,NO,,
Never Say Never Again,,1983,,NO,,
Newsies,,1992,,NO,,
Night and Fog,,1956,,NO,,
Night of the Living Dead,,1968,,NO,,
Night of the Living Dead,,1990,,NO,,
Nights of Cabiria,,1957,,NO,,
Nine 1/2 Weeks,,1986,,NO,,
Nine Queens,,2000,,NO,,
Ninotchka,,1939,,NO,,
"No Fear, No Die",,1990,,NO,,
No Man's Land,,2001,,NO,,
No Time to Die,,2021,,NO,,
No. 12: Heaven and Earth Magic,,1962,,NO,,
Nobody Knows,,2004,,NO,,
North by Northwest,,1959,,NO,,
Nosferatu,,1922,,NO,,
Nosferatu the Vampyre,,1979,,NO,,
Nostalgia for the Light,,2010,,NO,,
Notes on a Scandal,,2006,,NO,,
Nothing,,2003,,NO,,
Notorious,,1946,,NO,,
"Now, Voyager",,1942,,NO,,
"O Brother,  Where Art Thou?",,2000,,NO,,
Observe and Report,,2009,,NO,,
Ocean's Thirteen,,2007,,NO,,
October (Ten Days that Shook the World),,1928,,NO,,
October Sky,,1999,,NO,,
Octopussy,,1983,,NO,,
Odd Man Out,,1947,,NO,,
Of Gods and Men,,2010,,NO,,
Oklahoma!,,1955,,NO,,
Oliver Twist,,1948,,NO,,
Olympia Part One: Festival of the Nations,,1938,,NO,,
Olympia Part Two: Festival of Beauty,,1938,,NO,,
On Her Majesty's Secret Service,,1969,,NO,,
On the Town,,1949,,NO,,
Once,,2007,,NO,,
Once Upon a Time in America,,1984,,NO,,
Once Upon a Time in China,,1991,,NO,,
Once Upon a Time in the West,,1968,,NO,,
Once Were Warriors,,1994,,NO,,
One Million Years B.C.,,1966,,NO,,
One-Eyed Jacks,,1961,,NO,,
Onibaba,,1964,,NO,,
Only Angels Have Wings,,1939,,NO,,
Only Yesterday,,1991,,NO,,
Open Your Eyes,,1997,,NO,,
Orca,,1977,,NO,,
Ordet,,1955,,NO,,
Ordinary People,,1980,,NO,,
Orphans of the Storm,,1921,,NO,,
Orpheus,,1950,,NO,,
Osama,,2003,,NO,,
Ossessione,,1943,,NO,,
Our Hospitality,,1923,,NO,,
Out of Africa,,1985,,NO,,
Out of the Past,,1947,,NO,,
P.S. I Love You,,2007,,NO,,
Paisan,,1946,,NO,,
Pale Rider,,1985,,NO,,
Pandora and the Flying Dutchman,,1951,,NO,,
Pandora's Box,,1929,,NO,,
Paper Moon,,1973,,NO,,
Papillon,,1973,,NO,,
Paradise Now,,2005,,NO,,
Paranormal Activity,,2009,,NO,,
ParaNorman,,2012,,NO,,
"Paris, Texas",,1984,,NO,,
Passenger,,1963,,NO,,
Pat Garrett & Billy the Kid,,1973,,NO,,
Patema Inverted,,2013,,NO,,
Pather Panchali,,1955,,NO,,
Pee-wee's Big Adventure,,1985,,NO,,
Peeping Tom,,1960,,NO,,
Peking Opera Blues,,1986,,NO,,
Pépé le Moko,,1937,,NO,,
Performance,,1970,,NO,,
Persepolis,,2007,,NO,,
Persona,,1966,,NO,,
Peter Ibbetson,,1935,,NO,,
Phantasm,,1979,,NO,,
Phantom of the Paradise,,1974,,NO,,
Philadelphia,,1993,,NO,,
Philomena,,2013,,NO,,
Pickpocket,,1959,,NO,,
Pickup on South Street,,1953,,NO,,
Picnic,,1956,,NO,,
Picnic at Hanging Rock,,1975,,NO,,
Pieces,,1982,,NO,,
Pierrot le Fou,,1965,,NO,,
Pink Flamingos,,1972,,NO,,
Pirates of the Caribbean: At World's End,,2007,,NO,,
Pirates of the Caribbean: Dead Men Tell No Tales,,2017,,NO,,
Pirates of the Caribbean: On Stranger Tides,,2011,,NO,,
PK,,2014,,NO,,
Plan 9 from Outer Space,,1959,,NO,,
"Planes, Trains and Automobiles",,1987,,NO,,
PlayTime,,1967,,NO,,
Point Blank,,1967,,NO,,
Poltergeist,,1982,,NO,,
Pom Poko,,1994,,NO,,
Pootie Tang,,2001,,NO,,
Precious,,2009,,NO,,
Predestination,,2014,,NO,,
Pretty in Pink,,1986,,NO,,
Pretty Woman,,1990,,NO,,
Pride & Prejudice,,2005,,NO,,
Primer,,2004,,NO,,
Prizzi's Honor,,1985,,NO,,
Project A: Part II,,1987,,NO,,
Pulse,,2001,,NO,,
Pump Up the Volume,,1990,,NO,,
Pumpkin,,2002,,NO,,
Pumpkinhead,,1988,,NO,,
Punch-Drunk Love,,2002,,NO,,
Puppet Master,,1989,,NO,,
Pusher,,1996,,NO,,
Pusher II: With Blood on My Hands,,2004,,NO,,
Pusher III,,2005,,NO,,
Q,,1982,,NO,,
Quantum of Solace,,2008,,NO,,
Queen Christina,,1934,,NO,,
Quick Change,,1990,,NO,,
Quiz Show,,1994,,NO,,
Rabbit-Proof Fence,,2002,,NO,,
Raging Bull,,1980,,NO,,
Raise the Red Lantern,,1991,,NO,,
Raising Arizona,,1987,,NO,,
Ran,,1985,,NO,,
Rang De Basanti,,2006,,NO,,
Rashomon,,1950,,NO,,
Ravenous,,1999,,NO,,
Ray,,2004,,NO,,
Re-Animator,,1985,,NO,,
Real Genius,,1985,,NO,,
Real Life,,1979,,NO,,
Rear Window,,1954,,NO,,
Rebecca,,1940,,NO,,
Rebel Without a Cause,,1955,,NO,,
Red Desert,,1964,,NO,,
Red Psalm,,1972,,NO,,
Red River,,1948,,NO,,
Red Sorghum,,1987,,NO,,
Redline,,2010,,NO,,
Reds,,1981,,NO,,
Repo Man,,1984,,NO,,
Repo! The Genetic Opera,,2008,,NO,,
Report,,1967,,NO,,
Repulsion,,1965,,NO,,
Return of the Jedi,,1983,,NO,,
Reversal of Fortune,,1990,,NO,,
Revolver,,2005,,NO,,
Ride Lonesome,,1959,,NO,,
Rififi,,1955,,NO,,
Ringu,,1998,,NO,,
Rio Bravo,,1959,,NO,,
Rio Grande,,1950,,NO,,
Road to Perdition,,2002,,NO,,
Rocco and His Brothers,,1960,,NO,,
Rocky,,1976,,NO,,
Roger & Me,,1989,,NO,,
Roma,,2018,,NO,,
Roman Holiday,,1953,,NO,,
"Rome, Open City",,1945,,NO,,
Romper Stomper,,1992,,NO,,
Rope,,1948,,NO,,
Rosemary's Baby,,1968,,NO,,
Rosetta,,1999,,NO,,
Roxanne,,1987,,NO,,
Run Lola Run,,1998,,NO,,
Rush,,2013,,NO,,
Russian Ark,,2002,,NO,,
Rust and Bone,,2012,,NO,,
Sabotage,,1937,,NO,,
Sabrina,,1954,,NO,,
Safe,,1995,,NO,,
Safety Last!,,1923,,NO,,
"Salò, or the 120 Days of Sodom",,1975,,NO,,
Salt of the Earth,,1954,,NO,,
Salvador,,1986,,NO,,
San Pietro,,1945,,NO,,
Sanjuro,,1962,,NO,,
Sans Soleil,,1983,,NO,,
Sansho the Bailiff,,1954,,NO,,
Santa Sangre,,1989,,NO,,
Satantango,,1994,,NO,,
Saturday Night and Sunday Morning,,1960,,NO,,
Saturday Night Fever,,1977,,NO,,
Save the Green Planet!,,2003,,NO,,
Say Anything...,,1989,,NO,,
Scanners,,1981,,NO,,
Scarface,,1932,,NO,,
Scarface,,1983,,NO,,
Scent of a Woman,,1992,,NO,,
Schindler's List,,1993,,NO,,
Schizopolis,,1997,,NO,,
Scorpio Rising,,1963,,NO,,
Scott Pilgrim vs. the World,,2010,,NO,,
Scream,,1996,,NO,,
Seconds,,1966,,NO,,
Secret Beyond the Door,,1947,,NO,,
Secrets & Lies,,1996,,NO,,
Senna,,2010,,NO,,
Sense and Sensibility,,1995,,NO,,
Senso,,1954,,NO,,
Serenity,,2005,,NO,,
Sergeant York,,1941,,NO,,
Serial Mom,,1994,,NO,,
Series 7: The Contenders,,2001,,NO,,
Serpico,,1973,,NO,,
Session 9,,2001,,NO,,
Seven Brides for Seven Brothers,,1954,,NO,,
Seven Chances,,1925,,NO,,
Sexy Beast,,2001,,NO,,
Shadow of a Doubt,,1943,,NO,,
Shadows,,1959,,NO,,
Shadows of Forgotten Ancestors,,1965,,NO,,
Shaft,,1971,,NO,,
Shakes the Clown,,1991,,NO,,
Shakespeare in Love,,1998,,NO,,
Shame,,1968,,NO,,
Shame,,2011,,NO,,
Shane,,1953,,NO,,
Shanghai Express,,1932,,NO,,
Shaun of the Dead,,2004,,NO,,
She Done Him Wrong,,1933,,NO,,
She's Gotta Have It,,1986,,NO,,
Sherlock Jr.,,1924,,NO,,
Sherman's March,,1985,,NO,,
Shine,,1996,,NO,,
Shoah,,1985,,NO,,
Shock Corridor,,1963,,NO,,
Shoot the Piano Player,,1960,,NO,,
Shoplifters,,2018,,NO,,
Short Cuts,,1993,,NO,,
Short Term 12,,2013,,NO,,
Show Me Love,,1998,,NO,,
Showdown in Little Tokyo,,1991,,NO,,
Showgirls,,1995,,NO,,
Sicario,,2015,,NO,,
Sideways,,2004,,NO,,
Signs & Wonders,,2001,,NO,,
Silver Lode,,1954,,NO,,
Sita Sings the Blues,,2008,,NO,,
Six-String Samurai,,1998,,NO,,
Skyfall,,2012,,NO,,
Slacker,,1991,,NO,,
Slap Shot,,1977,,NO,,
Sleeper,,1973,,NO,,
Sleeping Dogs,,1977,,NO,,
Sleuth,,1972,,NO,,
Slither,,2006,,NO,,
Smiles of a Summer Night,,1955,,NO,,
Smoke,,1995,,NO,,
Snow White and the Seven Dwarfs,,1937,,NO,,
Society,,1989,,NO,,
Solaris,,1972,,NO,,
Soldier of Orange,,1977,,NO,,
Sombre,,1998,,NO,,
Some Came Running,,1958,,NO,,
Some Like It Hot,,1959,,NO,,
Son of Saul,,2015,,NO,,
Song at Midnight,,1937,,NO,,
Songs from the Second Floor,,2000,,NO,,
Sons of the Desert,,1933,,NO,,
Sorry to Bother You,,2018,,NO,,
Soylent Green,,1973,,NO,,
Spectre,,2015,,NO,,
Spellbound,,1945,,NO,,
Spellbound,,2002,,NO,,
Spice World,,1997,,NO,,
Spider Baby,,1967,,NO,,
Splendor in the Grass,,1961,,NO,,
Spotlight,,2015,,NO,,
Spring Breakers,,2013,,NO,,
Spring in a Small Town,,1948,,NO,,
"Spring, Summer, Fall, Winter... and Spring",,2003,,NO,,
Stagecoach,,1939,,NO,,
Stalag 17,,1953,,NO,,
Stalker,,1979,,NO,,
Stand by Me,,1986,,NO,,
"Steamboat Bill, Jr.",,1928,,NO,,
Stella Dallas,,1937,,NO,,
Stephen King's It,,1990,,NO,,
Storm Over Asia,,1928,,NO,,
Story of Women,,1988,,NO,,
Straight Outta Compton,,2015,,NO,,
Stranger Than Paradise,,1984,,NO,,
Strangers on a Train,,1951,,NO,,
Straw Dogs,,1971,,NO,,
Streets of Fire,,1984,,NO,,
Strictly Ballroom,,1992,,NO,,
Strike,,1925,,NO,,
Stroszek,,1977,,NO,,
Stuck,,2007,,NO,,
Subarnarekha,,1965,,NO,,
Submarine,,2011,,NO,,
Sullivan's Travels,,1941,,NO,,
Summer with Monika,,1953,,NO,,
Sundown: The Vampire in Retreat,,1989,,NO,,
Sunrise: A Song of Two Humans,,1927,,NO,,
Sunset Boulevard,,1950,,NO,,
Super Fly,,1972,,NO,,
Superman,,1978,,NO,,
Superman II,,1980,,NO,,
Superman III,,1983,,NO,,
Superstar: The Karen Carpenter Story,,1988,,NO,,
Surfwise,,2007,,NO,,
Survival of the Dead,,2010,,NO,,
Suspiria,,1977,,NO,,
Suspiria,,1977,,NO,,
Sweet Smell of Success,,1957,,NO,,
Sweet Sweetback's Baadasssss Song,,1971,,NO,,
Swing Time,,1936,,NO,,
Swingers,,1996,,NO,,
Sympathy for Lady Vengeance,,2005,,NO,,
"Synecdoche, New York",,2008,,NO,,
Taare Zameen Par,,2007,,NO,,
Taboo,,1999,,NO,,
Tabu,,1931,,NO,,
Tae Guk Gi: The Brotherhood of War,,2004,,NO,,
Tales from Earthsea,,2006,,NO,,
Tales from the Darkside: The Movie,,1990,,NO,,
Talk to Her,,2002,,NO,,
Tampopo,,1985,,NO,,
Tangerine,,2015,,NO,,
Targets,,1968,,NO,,
Taste of Cherry,,1997,,NO,,
Tears of the Black Tiger,,2000,,NO,,
Tell No One,,2006,,NO,,
Tell Your Children,,1938,,NO,,
Terms of Endearment,,1983,,NO,,
Tetsuo: The Iron Man,,1989,,NO,,
Texas Killing Fields,,2011,,NO,,
ThanksKilling,,2008,,NO,,
That Obscure Object of Desire,,1977,,NO,,
The 36th Chamber of Shaolin,,1978,,NO,,
The 39 Steps,,1935,,NO,,
The 400 Blows,,1959,,NO,,
The 4th Man,,1983,,NO,,
The Abominable Dr. Phibes,,1971,,NO,,
The Abyss,,1989,,NO,,
The Accidental Tourist,,1988,,NO,,
The Act of Killing,,2012,,NO,,
The Addiction,,1995,,NO,,
The Adventures of Buckaroo Banzai Across the 8th Dimension,,1984,,NO,,
The Adventures of Prince Achmed,,1926,,NO,,
"The Adventures of Priscilla, Queen of the Desert",,1994,,NO,,
The Adventures of Robin Hood,,1938,,NO,,
The African Queen,,1952,,NO,,
The Age of Innocence,,1993,,NO,,
The American Friend,,1977,,NO,,
The American President,,1995,,NO,,
The Anthem of the Heart,,2015,,NO,,
The Apartment,,1960,,NO,,
The Artist,,2011,,NO,,
The Ascent,,1977,,NO,,
The Asphalt Jungle,,1950,,NO,,
The Assassination of Jesse James by the Coward Robert Ford,,2007,,NO,,
The Asthenic Syndrome,,1989,,NO,,
The Awful Truth,,1937,,NO,,
The Bad and the Beautiful,,1952,,NO,,
The Baker's Wife,,1938,,NO,,
The Ballad of Narayama,,1983,,NO,,
The Band Wagon,,1953,,NO,,
The Bank Dick,,1940,,NO,,
The Barbarian Invasions,,2003,,NO,,
The Barefoot Contessa,,1954,,NO,,
The Battle of Algiers,,1966,,NO,,
The Beastmaster,,1982,,NO,,
The Best of Youth,,2003,,NO,,
The Best Years of Our Lives,,1946,,NO,,
The Big Chill,,1983,,NO,,
The Big Heat,,1953,,NO,,
The Big Parade,,1925,,NO,,
The Big Red One,,1980,,NO,,
The Big Short,,2015,,NO,,
The Big Sky,,1952,,NO,,
The Big Sleep,,1946,,NO,,
The Bigamist,,1953,,NO,,
The Bird with the Crystal Plumage,,1970,,NO,,
The Birds,,1963,,NO,,
The Birth of a Nation,,1915,,NO,,
The Bitter Tea of General Yen,,1933,,NO,,
The Bitter Tears of Petra von Kant,,1972,,NO,,
The Black Cat,,1934,,NO,,
The Black Hole,,1979,,NO,,
The Blue Angel,,1930,,NO,,
The Blue Kite,,1993,,NO,,
The Boondock Saints II: All Saints Day,,2009,,NO,,
The Bride of Frankenstein,,1935,,NO,,
The Bridge on the River Kwai,,1957,,NO,,
The Bridges of Madison County,,1995,,NO,,
The Brother from Another Planet,,1984,,NO,,
The Burmese Harp,,1956,,NO,,
The Butcher,,1970,,NO,,
The Butcher Boy,,1998,,NO,,
The Cabin in the Woods,,2012,,NO,,
The Cabinet of Dr. Caligari,,1920,,NO,,
The Cameraman,,1928,,NO,,
The Captive,,2000,,NO,,
The Celebration,,1998,,NO,,
The Chant of Jimmie Blacksmith,,1978,,NO,,
The Chaser,,2008,,NO,,
The Circus,,1928,,NO,,
The City of Lost Children,,1995,,NO,,
The Class,,2008,,NO,,
The Cloud-Capped Star,,1960,,NO,,
The Color of Pomegranates,,1969,,NO,,
The Color Purple,,1985,,NO,,
The Conformist,,1970,,NO,,
The Consequences of Love,,2004,,NO,,
The Constant Gardener,,2005,,NO,,
The Conversation,,1974,,NO,,
"The Cook, the Thief, His Wife & Her Lover",,1989,,NO,,
The Cool World,,1963,,NO,,
The Counterfeiters,,2007,,NO,,
The Cow,,1969,,NO,,
The Craft,,1996,,NO,,
The Cranes Are Flying,,1957,,NO,,
The Crazies,,1973,,NO,,
The Crazies,,2010,,NO,,
The Crowd,,1928,,NO,,
The Crying Game,,1992,,NO,,
The Damned United,,2009,,NO,,
The Dark Half,,1993,,NO,,
The Dark Knight,,2008,,NO,,
The Day of the Jackal,,1973,,NO,,
The Day the Earth Stood Still,,1951,,NO,,
The Dead,,1987,,NO,,
The Decline of the American Empire,,1986,,NO,,
The Decline of Western Civilization Part II: The Metal Years,,1988,,NO,,
The Defiant Ones,,1958,,NO,,
The Descendants,,2011,,NO,,
The Descent,,2005,,NO,,
The Devil's Backbone,,2001,,NO,,
The Devils,,1971,,NO,,
The Dirty Dozen,,1967,,NO,,
The Disappearance of Haruhi Suzumiya,,2010,,NO,,
The Discreet Charm of the Bourgeoisie,,1972,,NO,,
The Diving Bell and the Butterfly,,2007,,NO,,
The Docks of New York,,1928,,NO,,
The Double Life of Véronique,,1991,,NO,,
The Draughtsman's Contract,,1983,,NO,,
The Driller Killer,,1979,,NO,,
The Eagle,,1925,,NO,,
The Ear,,1990,,NO,,
The Earrings of Madame de...,,1953,,NO,,
The Empire Strikes Back,,1980,,NO,,
The English Patient,,1996,,NO,,
The Enigma of Kaspar Hauser,,1974,,NO,,
The Evil Dead,,1981,,NO,,
The Exiles,,1961,,NO,,
The Exorcist,,1973,,NO,,
The Exterminating Angel,,1962,,NO,,
The Fall,,2006,,NO,,
The Fighter,,2010,,NO,,
The Firemen's Ball,,1967,,NO,,
The Fisher King,,1991,,NO,,
The Five Venoms,,1978,,NO,,
The French Connection,,1971,,NO,,
The Game,,1997,,NO,,
The Garden of the Finzi-Continis,,1970,,NO,,
The Garden of Words,,2013,,NO,,
The Gate,,1987,,NO,,
The General,,1926,,NO,,
The Ghost and Mrs. Muir,,1947,,NO,,
The Giant Spider Invasion,,1975,,NO,,
The Girl with the Dragon Tattoo,,2009,,NO,,
The Given Word,,1962,,NO,,
The Gleaners and I,,2000,,NO,,
The Goddess,,1934,,NO,,
The Gods Must Be Crazy,,1980,,NO,,
The Gold Rush,,1925,,NO,,
The Golden Coach,,1952,,NO,,
"The Good, the Bad, the Weird",,2008,,NO,,
The Gospel According to Matthew,,1965,,NO,,
The Graduate,,1967,,NO,,
The Grand Budapest Hotel,,2014,,NO,,
The Grapes of Wrath,,1940,,NO,,
The Great Beauty,,2013,,NO,,
The Great Dictator,,1940,,NO,,
The Great Escape,,1963,,NO,,
The Great Train Robbery,,1903,,NO,,
The Great White Silence,,1924,,NO,,
The Guns of Navarone,,1961,,NO,,
The Handmaiden,,2016,,NO,,
The Harder They Come,,1972,,NO,,
The Haunting,,1963,,NO,,
The Heartbreak Kid,,1972,,NO,,
The Heiress,,1949,,NO,,
The Help,,2011,,NO,,
The Hidden,,1987,,NO,,
The Hidden Fortress,,1958,,NO,,
The Hills Have Eyes,,1977,,NO,,
The Hills Have Eyes,,2006,,NO,,
The Hired Hand,,1971,,NO,,
The Holy Mountain,,1973,,NO,,
The Honeymoon Killers,,1970,,NO,,
The Horse Thief,,1986,,NO,,
The Host,,2006,,NO,,
The Hours,,2002,,NO,,
The House Is Black,,1963,,NO,,
The House of the Devil,,2009,,NO,,
The Housemaid,,1960,,NO,,
The Human Centipede (First Sequence),,2009,,NO,,
The Hunger,,1983,,NO,,
The Hunt for Red October,,1990,,NO,,
The Hurt Locker,,2008,,NO,,
The Hustler,,1961,,NO,,
The Ice Storm,,1997,,NO,,
The Idiots,,1998,,NO,,
The Illusionist,,2006,,NO,,
The Incredible Shrinking Man,,1957,,NO,,
The Innocents,,1961,,NO,,
The Insider,,1999,,NO,,
The Intouchables,,2011,,NO,,
The Jazz Singer,,1927,,NO,,
The Jerk,,1979,,NO,,
The Jungle Book,,2016,,NO,,
The Kid,,1921,,NO,,
The Kid Brother,,1927,,NO,,
The Kid with a Bike,,2011,,NO,,
The Killer,,1989,,NO,,
The Killers,,1946,,NO,,
The Killing,,1956,,NO,,
The Killing Fields,,1984,,NO,,
The Killing of a Chinese Bookie,,1976,,NO,,
The King of Comedy,,1982,,NO,,
The King's Speech,,2010,,NO,,
The Kingdom,,1994,,NO,,
The Ladies Man,,1961,,NO,,
The Lady Eve,,1941,,NO,,
The Lady from Shanghai,,1947,,NO,,
The Lady Vanishes,,1938,,NO,,
The Ladykillers,,1955,,NO,,
The Last Battle,,1983,,NO,,
The Last Emperor,,1987,,NO,,
The Last King of Scotland,,2006,,NO,,
The Last Laugh,,1924,,NO,,
The Last Metro,,1980,,NO,,
The Last of the Mohicans,,1992,,NO,,
The Last Picture Show,,1971,,NO,,
The Last Seduction,,1994,,NO,,
The Last Temptation of Christ,,1988,,NO,,
The Last Wave,,1977,,NO,,
The Lavender Hill Mob,,1951,,NO,,
The Legend of Billie Jean,,1985,,NO,,
The Leopard,,1963,,NO,,
The Life and Death of Colonel Blimp,,1943,,NO,,
The Life Aquatic with Steve Zissou,,2004,,NO,,
The Life of Emile Zola,,1937,,NO,,
The Lift,,1983,,NO,,
The Lives of Others,,2006,,NO,,
The Living Daylights,,1987,,NO,,
The Lobster,,2015,,NO,,
The Long Goodbye,,1973,,NO,,
The Longest Day,,1962,,NO,,
The Look of Silence,,2014,,NO,,
The Lost Boys,,1987,,NO,,
The Lost Weekend,,1945,,NO,,
The Lovers on the Bridge,,1991,,NO,,
The Machinist,,2004,,NO,,
The Mack,,1973,,NO,,
The Mad Masters,,1955,,NO,,
The Magnificent Ambersons,,1942,,NO,,
The Magnificent Seven,,1960,,NO,,
The Maltese Falcon,,1941,,NO,,
The Man From Laramie,,1955,,NO,,
The Man from Nowhere,,2010,,NO,,
The Man in Grey,,1943,,NO,,
The Man Who Fell to Earth,,1976,,NO,,
The Man Who Had His Hair Cut Short,,1966,,NO,,
The Man Who Knew Too Much,,1956,,NO,,
The Man Who Shot Liberty Valance,,1962,,NO,,
The Man Who Wasn't There,,2001,,NO,,
The Man Who Would Be King,,1975,,NO,,
The Man with the Golden Arm,,1955,,NO,,
The Man with the Golden Gun,,1974,,NO,,
The Manchurian Candidate,,1962,,NO,,
The Marriage of Maria Braun,,1979,,NO,,
The Masque of the Red Death,,1964,,NO,,
The Meaning of Life,,1983,,NO,,
The Message,,1976,,NO,,
The Monster Squad,,1987,,NO,,
The Mortal Storm,,1940,,NO,,
The Mother and the Whore,,1973,,NO,,
The Motorcycle Diaries,,2004,,NO,,
The Mummy,,2017,,NO,,
The Muppet Movie,,1979,,NO,,
The Music Room,,1958,,NO,,
The Naked Spur,,1953,,NO,,
The Natural,,1984,,NO,,
The New World,,2005,,NO,,
The Night of the Hunter,,1955,,NO,,
The Night of the Shooting Stars,,1982,,NO,,
The Nutty Professor,,1963,,NO,,
The Official Story,,1985,,NO,,
The Others,,2001,,NO,,
The Outlaw Josey Wales,,1976,,NO,,
The Ox-Bow Incident,,1943,,NO,,
The Pagemaster,,1994,,NO,,
The Paleface,,1948,,NO,,
The Palm Beach Story,,1942,,NO,,
The Party,,1968,,NO,,
The Passion of Joan of Arc,,1928,,NO,,
The Past,,2013,,NO,,
The People Under the Stairs,,1991,,NO,,
The Perks of Being a Wallflower,,2012,,NO,,
The Phantom Carriage,,1921,,NO,,
The Phantom of the Opera,,1925,,NO,,
The Phenix City Story,,1955,,NO,,
The Philadelphia Story,,1940,,NO,,
The Piano,,1993,,NO,,
The Piano Teacher,,2001,,NO,,
The Pillow Book,,1996,,NO,,
The Pink Panther,,1963,,NO,,
The Player,,1992,,NO,,
The Post,,2017,,NO,,
The Postman Always Rings Twice,,1946,,NO,,
The Prestige,,2006,,NO,,
The Princess and the Pilot,,2011,,NO,,
The Producers,,1967,,NO,,
The Proposition,,2005,,NO,,
The Public Enemy,,1931,,NO,,
The Punch Bowl,,1944,,NO,,
The Puppetmaster,,1993,,NO,,
The Purple Rose of Cairo,,1985,,NO,,
The Queen,,2006,,NO,,
The Quiet Earth,,1985,,NO,,
The Quiet Man,,1952,,NO,,
The Raid 2,,2014,,NO,,
The Rapture,,1991,,NO,,
The Reckless Moment,,1949,,NO,,
The Red and the White,,1967,,NO,,
The Red Shoes,,1948,,NO,,
The Remains of the Day,,1993,,NO,,
The Return,,2003,,NO,,
The Revenant,,2015,,NO,,
The Right Stuff,,1983,,NO,,
The Rocky Horror Picture Show,,1975,,NO,,
The Royal Tenenbaums,,2001,,NO,,
The Rules of Attraction,,2002,,NO,,
The Rules of the Game,,1939,,NO,,
The Saragossa Manuscript,,1965,,NO,,
The Sea Inside,,2004,,NO,,
The Searchers,,1956,,NO,,
The Secret in Their Eyes,,2009,,NO,,
The Servant,,1963,,NO,,
The Seventh Seal,,1957,,NO,,
The Seventh Victim,,1943,,NO,,
The Shape of Water,,2017,,NO,,
The Shooting,,1966,,NO,,
The Shop Around the Corner,,1940,,NO,,
The Shop on Main Street,,1965,,NO,,
The Silence,,1963,,NO,,
The Skin I Live In,,2011,,NO,,
The Smiling Madame Beudet,,1923,,NO,,
The Snake Pit,,1948,,NO,,
The Son's Room,,2001,,NO,,
The Sorrow and the Pity,,1969,,NO,,
The Sound of Music,,1965,,NO,,
The Spectacular Now,,2013,,NO,,
The Spider's Stratagem,,1970,,NO,,
The Spirit of the Beehive,,1973,,NO,,
The Spy Who Loved Me,,1977,,NO,,
The Squid and the Whale,,2005,,NO,,
The Station Agent,,2003,,NO,,
The Stepfather,,1987,,NO,,
The Sting,,1973,,NO,,
The Story of a Cheat,,1936,,NO,,
The Story of the Last Chrysanthemum,,1939,,NO,,
The Straight Story,,1999,,NO,,
The Stranger,,1946,,NO,,
The Stuff,,1985,,NO,,
The Sweet Hereafter,,1997,,NO,,
The Taking of Pelham One Two Three,,1974,,NO,,
The Tall Man,,2012,,NO,,
The Ten Commandments,,1956,,NO,,
The Tenant,,1976,,NO,,
The Texas Chain Saw Massacre,,1974,,NO,,
The Theory of Everything,,2014,,NO,,
The Thief of Bagdad,,1924,,NO,,
The Thin Blue Line,,1988,,NO,,
The Thin Man,,1934,,NO,,
The Thin Red Line,,1998,,NO,,
The Thing,,2011,,NO,,
The Third Man,,1949,,NO,,
The Time to Live and the Time to Die,,1985,,NO,,
The Tin Drum,,1979,,NO,,
The Tingler,,1959,,NO,,
The Towering Inferno,,1974,,NO,,
The Town,,2010,,NO,,
The Toxic Avenger,,1984,,NO,,
The Travelling Players,,1975,,NO,,
The Tree of Life,,2011,,NO,,
The Tree of Wooden Clogs,,1978,,NO,,
The Twilight Samurai,,2002,,NO,,
The Umbrellas of Cherbourg,,1964,,NO,,
The Unbelievable Truth,,1989,,NO,,
The Unknown,,1927,,NO,,
The Untouchables,,1987,,NO,,
The Vampire Lovers,,1970,,NO,,
The Vanishing,,1988,,NO,,
The Verdict,,1982,,NO,,
The Virgin Spring,,1960,,NO,,
The Visitor,,2007,,NO,,
The Wages of Fear,,1953,,NO,,
The Wanderers,,1979,,NO,,
The War Game,,1966,,NO,,
The Warriors,,1979,,NO,,
The Way of the Gun,,2000,,NO,,
The Way We Were,,1973,,NO,,
The Wedding Banquet,,1993,,NO,,
The White Balloon,,1995,,NO,,
The White Ribbon,,2009,,NO,,
The Wicker Man,,1973,,NO,,
The Wicker Man,,2006,,NO,,
The Wild Bunch,,1969,,NO,,
The Wind That Shakes the Barley,,2006,,NO,,
The Wind Will Carry Us,,1999,,NO,,
The Wiz,,1978,,NO,,
The Wolf Man,,1941,,NO,,
The Wolfman,,2010,,NO,,
The World Is Not Enough,,1999,,NO,,
The World of Apu,,1959,,NO,,
The World's Fastest Indian,,2005,,NO,,
The Wrestler,,2008,,NO,,
The Wrong Man,,1956,,NO,,
The Young and the Damned,,1950,,NO,,
The Young Girls of Rochefort,,1967,,NO,,
The Young One,,1960,,NO,,
Thelma & Louise,,1991,,NO,,
There's Something About Mary,,1998,,NO,,
Things,,1989,,NO,,
Things to Come,,1936,,NO,,
Thirty Two Short Films About Glenn Gould,,1993,,NO,,
This Is England,,2006,,NO,,
Three Brothers,,1981,,NO,,
Three Colors: Blue,,1993,,NO,,
Three Colors: Red,,1994,,NO,,
Three Colors: White,,1994,,NO,,
Three Kings,,1999,,NO,,
Three Lives and Only One Death,,1996,,NO,,
Thriller: A Cruel Picture,,1973,,NO,,
Through a Glass Darkly,,1961,,NO,,
Through the Olive Trees,,1994,,NO,,
Thunderball,,1965,,NO,,
THX 1138,,1971,,NO,,
Time of Eve: The Movie,,2010,,NO,,
Time Regained,,1999,,NO,,
Tinker Tailor Soldier Spy,,2011,,NO,,
To Be or Not to Be,,1942,,NO,,
To Catch a Thief,,1955,,NO,,
To Have and Have Not,,1945,,NO,,
Tokyo Godfathers,,2003,,NO,,
Tokyo Olympiad,,1965,,NO,,
Tokyo Story,,1953,,NO,,
Tombstone,,1993,,NO,,
Tommy Boy,,1995,,NO,,
Tomorrow Never Dies,,1997,,NO,,
Tongues Untied,,1990,,NO,,
Toni Erdmann,,2016,,NO,,
Too Early/Too Late,,1982,,NO,,
Tootsie,,1982,,NO,,
Top Hat,,1935,,NO,,
Touch of Evil,,1958,,NO,,
Toys,,1992,,NO,,
Traffic,,2000,,NO,,
Trancers,,1984,,NO,,
Trick 'r Treat,,2007,,NO,,
Trigun: Badlands Rumble,,2010,,NO,,
Tristana,,1970,,NO,,
Triumph of the Will,,1935,,NO,,
Troll 2,,1990,,NO,,
Tron,,1982,,NO,,
Trouble in Paradise,,1932,,NO,,
True Grit,,2010,,NO,,
Trust,,1990,,NO,,
Tsotsi,,2005,,NO,,
Tucker and Dale vs. Evil,,2010,,NO,,
Turkish Delight,,1973,,NO,,
Twin Peaks: Fire Walk with Me,,1992,,NO,,
Twins,,1988,,NO,,
"Two Days, One Night",,2014,,NO,,
Two Evil Eyes,,1990,,NO,,
Two for the Road,,1967,,NO,,
Two-Lane Blacktop,,1971,,NO,,
Ugetsu,,1953,,NO,,
UHF,,1989,,NO,,
Umberto D.,,1952,,NO,,
Un Chien Andalou,,1929,,NO,,
Under the Shadow,,2016,,NO,,
Under the Skin,,2014,,NO,,
Underground,,1995,,NO,,
United 93,,2006,,NO,,
Universal Soldier,,1992,,NO,,
Up in Smoke,,1978,,NO,,
Up in the Air,,2009,,NO,,
Used Cars,,1980,,NO,,
Utu,,1983,,NO,,
Vagabond,,1985,,NO,,
Valley of the Dolls,,1967,,NO,,
Vampyr,,1932,,NO,,
Vanishing Point,,1971,,NO,,
Veer-Zaara,,2004,,NO,,
Velvet Goldmine,,1998,,NO,,
Versus,,2000,,NO,,
Vice,,2018,,NO,,
Victoria,,2015,,NO,,
Videodrome,,1983,,NO,,
Vinyl,,1965,,NO,,
Viridiana,,1961,,NO,,
Vivre Sa Vie,,1962,,NO,,
Viy,,1967,,NO,,
Volver,,2006,,NO,,
Wadjda,,2012,,NO,,
Wake in Fright,,1971,,NO,,
Waking Life,,2001,,NO,,
Walk the Line,,2005,,NO,,
Walkabout,,1971,,NO,,
Walking and Talking,,1996,,NO,,
Wallace & Gromit: The Curse of the Were-Rabbit,,2005,,NO,,
Waltz with Bashir,,2008,,NO,,
Wanda,,1971,,NO,,
War Horse,,2011,,NO,,
Warrior,,2011,,NO,,
Way Down East,,1920,,NO,,
Weekend,,1967,,NO,,
Welcome to the Dollhouse,,1996,,NO,,
Werckmeister Harmonies,,2000,,NO,,
West Side Story,,1961,,NO,,
Wet Hot American Summer,,2001,,NO,,
What Ever Happened to Baby Jane?,,1962,,NO,,
What Time Is It There?,,2001,,NO,,
What's Eating Gilbert Grape,,1993,,NO,,
"What's Up,  Doc?",,1972,,NO,,
When Harry Met Sally...,,1989,,NO,,
When Marnie Was There,,2014,,NO,,
Where Eagles Dare,,1968,,NO,,
Whisky Galore!,,1949,,NO,,
White Heat,,1949,,NO,,
Who's Afraid of Virginia Woolf?,,1966,,NO,,
Wild Reeds,,1994,,NO,,
Wild Strawberries,,1957,,NO,,
Wild Tales,,2014,,NO,,
Willard,,2003,,NO,,
Willow,,1988,,NO,,
Winchester '73,,1950,,NO,,
Wings of Desire,,1987,,NO,,
Winter Light,,1963,,NO,,
Winter Sleep,,2014,,NO,,
Winter's Bone,,2010,,NO,,
Within Our Gates,,1920,,NO,,
Withnail & I,,1987,,NO,,
Witness,,1985,,NO,,
Witness for the Prosecution,,1957,,NO,,
Wizards,,1977,,NO,,
Woman in the Dunes,,1964,,NO,,
Women on the Verge of a Nervous Breakdown,,1988,,NO,,
Woodstock,,1970,,NO,,
World of Tomorrow,,2015,,NO,,
WR: Mysteries of the Organism,,1971,,NO,,
Wristcutters: A Love Story,,2006,,NO,,
Written on the Wind,,1956,,NO,,
Wuthering Heights,,1939,,NO,,
Xanadu,,1980,,NO,,
Y Tu Mamá También,,2001,,NO,,
Yankee Doodle Dandy,,1942,,NO,,
Yeelen,,1987,,NO,,
Yi Yi,,2000,,NO,,
Yojimbo,,1961,,NO,,
Yol,,1982,,NO,,
You Can Count on Me,,2000,,NO,,
You Only Live Twice,,1967,,NO,,
Young Frankenstein,,1974,,NO,,
Z,,1969,,NO,,
Zaat,,1971,,NO,,
Zabriskie Point,,1970,,NO,,
Zardoz,,1974,,NO,,
Zatoichi,,1989,,NO,,
Zelig,,1983,,NO,,
Zero Dark Thirty,,2012,,NO,,
Zero Effect,,1998,,NO,,
Zero for Conduct,,1933,,NO,,
Zero Kelvin,,1995,,NO,,
Zoolander,,2001,,NO,,
Zulu,,1964,,NO,,
